unique_id,ds,predicted_XGB_hourly
BELISARIO,2025-12-22 00:00:00,9.215298
BELISARIO,2025-12-22 01:00:00,7.922681
BELISARIO,2025-12-22 02:00:00,8.286181
BELISARIO,2025-12-22 03:00:00,8.998434
BELISARIO,2025-12-22 04:00:00,10.724873
BELISARIO,2025-12-22 05:00:00,15.1790905
BELISARIO,2025-12-22 06:00:00,18.813183
BELISARIO,2025-12-22 07:00:00,26.481947
BELISARIO,2025-12-22 08:00:00,26.153692
BELISARIO,2025-12-22 09:00:00,26.9392
BELISARIO,2025-12-22 10:00:00,27.26351
BELISARIO,2025-12-22 11:00:00,25.219017
BELISARIO,2025-12-22 12:00:00,25.785603
BELISARIO,2025-12-22 13:00:00,26.86521
BELISARIO,2025-12-22 14:00:00,25.444702
BELISARIO,2025-12-22 15:00:00,23.695976
BELISARIO,2025-12-22 16:00:00,22.539585
BELISARIO,2025-12-22 17:00:00,21.94979
BELISARIO,2025-12-22 18:00:00,19.795643
BELISARIO,2025-12-22 19:00:00,16.772491
BELISARIO,2025-12-22 20:00:00,15.919422
BELISARIO,2025-12-22 21:00:00,13.403385
BELISARIO,2025-12-22 22:00:00,11.73571
BELISARIO,2025-12-22 23:00:00,11.764665
BELISARIO,2025-12-23 00:00:00,15.061571
BELISARIO,2025-12-23 01:00:00,13.318847
BELISARIO,2025-12-23 02:00:00,12.241379
BELISARIO,2025-12-23 03:00:00,12.974085
BELISARIO,2025-12-23 04:00:00,13.00346
BELISARIO,2025-12-23 05:00:00,15.114497
BELISARIO,2025-12-23 06:00:00,20.305029
BELISARIO,2025-12-23 07:00:00,23.715763
BELISARIO,2025-12-23 08:00:00,25.949358
BELISARIO,2025-12-23 09:00:00,27.460875
BELISARIO,2025-12-23 10:00:00,27.33855
BELISARIO,2025-12-23 11:00:00,26.522295
BELISARIO,2025-12-23 12:00:00,26.397915
BELISARIO,2025-12-23 13:00:00,25.8858
BELISARIO,2025-12-23 14:00:00,23.680311
BELISARIO,2025-12-23 15:00:00,20.685026
BELISARIO,2025-12-23 16:00:00,20.80229
BELISARIO,2025-12-23 17:00:00,17.8464
BELISARIO,2025-12-23 18:00:00,17.659342
BELISARIO,2025-12-23 19:00:00,15.333188
BELISARIO,2025-12-23 20:00:00,14.524188
BELISARIO,2025-12-23 21:00:00,12.954068
BELISARIO,2025-12-23 22:00:00,11.090478
BELISARIO,2025-12-23 23:00:00,9.959621
BELISARIO,2025-12-24 00:00:00,13.27533
BELISARIO,2025-12-24 01:00:00,12.0848675
BELISARIO,2025-12-24 02:00:00,12.151597
BELISARIO,2025-12-24 03:00:00,12.379104
BELISARIO,2025-12-24 04:00:00,12.522464
BELISARIO,2025-12-24 05:00:00,16.29999
BELISARIO,2025-12-24 06:00:00,22.980543
BELISARIO,2025-12-24 07:00:00,28.50945
BELISARIO,2025-12-24 08:00:00,29.660446
BELISARIO,2025-12-24 09:00:00,29.531332
BELISARIO,2025-12-24 10:00:00,28.836554
BELISARIO,2025-12-24 11:00:00,27.652185
BELISARIO,2025-12-24 12:00:00,25.419985
BELISARIO,2025-12-24 13:00:00,24.596527
BELISARIO,2025-12-24 14:00:00,23.80799
BELISARIO,2025-12-24 15:00:00,23.636282
BELISARIO,2025-12-24 16:00:00,22.498201
BELISARIO,2025-12-24 17:00:00,20.236292
BELISARIO,2025-12-24 18:00:00,19.10941
BELISARIO,2025-12-24 19:00:00,17.213957
BELISARIO,2025-12-24 20:00:00,15.847522
BELISARIO,2025-12-24 21:00:00,14.460708
BELISARIO,2025-12-24 22:00:00,12.817246
BELISARIO,2025-12-24 23:00:00,11.788648
BELISARIO,2025-12-25 00:00:00,15.406482
BELISARIO,2025-12-25 01:00:00,13.532994
BELISARIO,2025-12-25 02:00:00,13.2242565
BELISARIO,2025-12-25 03:00:00,13.59172
BELISARIO,2025-12-25 04:00:00,13.562586
BELISARIO,2025-12-25 05:00:00,16.092798
BELISARIO,2025-12-25 06:00:00,23.528751
BELISARIO,2025-12-25 07:00:00,30.522429
BELISARIO,2025-12-25 08:00:00,28.963858
BELISARIO,2025-12-25 09:00:00,29.931416
BELISARIO,2025-12-25 10:00:00,28.116686
BELISARIO,2025-12-25 11:00:00,28.361174
BELISARIO,2025-12-25 12:00:00,25.977592
BELISARIO,2025-12-25 13:00:00,24.685207
BELISARIO,2025-12-25 14:00:00,24.331587
BELISARIO,2025-12-25 15:00:00,22.648338
BELISARIO,2025-12-25 16:00:00,20.996023
BELISARIO,2025-12-25 17:00:00,18.812035
BELISARIO,2025-12-25 18:00:00,18.534618
BELISARIO,2025-12-25 19:00:00,17.964863
BELISARIO,2025-12-25 20:00:00,16.466557
BELISARIO,2025-12-25 21:00:00,16.25808
BELISARIO,2025-12-25 22:00:00,14.125156
BELISARIO,2025-12-25 23:00:00,13.24436
BELISARIO,2025-12-26 00:00:00,16.02664
BELISARIO,2025-12-26 01:00:00,14.095244
BELISARIO,2025-12-26 02:00:00,14.354359
BELISARIO,2025-12-26 03:00:00,14.367594
BELISARIO,2025-12-26 04:00:00,15.048987
BELISARIO,2025-12-26 05:00:00,17.235945
BELISARIO,2025-12-26 06:00:00,22.719418
BELISARIO,2025-12-26 07:00:00,29.574707
BELISARIO,2025-12-26 08:00:00,30.422194
BELISARIO,2025-12-26 09:00:00,31.069296
BELISARIO,2025-12-26 10:00:00,29.220709
BELISARIO,2025-12-26 11:00:00,27.140427
BELISARIO,2025-12-26 12:00:00,25.484741
BELISARIO,2025-12-26 13:00:00,24.514656
BELISARIO,2025-12-26 14:00:00,23.979715
BELISARIO,2025-12-26 15:00:00,23.94029
BELISARIO,2025-12-26 16:00:00,24.63135
BELISARIO,2025-12-26 17:00:00,21.60654
BELISARIO,2025-12-26 18:00:00,19.412094
BELISARIO,2025-12-26 19:00:00,18.140768
BELISARIO,2025-12-26 20:00:00,17.3818
BELISARIO,2025-12-26 21:00:00,16.196548
BELISARIO,2025-12-26 22:00:00,14.599457
BELISARIO,2025-12-26 23:00:00,13.890604
BELISARIO,2025-12-27 00:00:00,16.466345
BELISARIO,2025-12-27 01:00:00,14.634804
BELISARIO,2025-12-27 02:00:00,14.426369
BELISARIO,2025-12-27 03:00:00,14.438915
BELISARIO,2025-12-27 04:00:00,15.233867
BELISARIO,2025-12-27 05:00:00,17.723463
BELISARIO,2025-12-27 06:00:00,21.65133
BELISARIO,2025-12-27 07:00:00,27.095324
BELISARIO,2025-12-27 08:00:00,26.62765
BELISARIO,2025-12-27 09:00:00,26.663666
BELISARIO,2025-12-27 10:00:00,26.373058
BELISARIO,2025-12-27 11:00:00,25.180967
BELISARIO,2025-12-27 12:00:00,24.61465
BELISARIO,2025-12-27 13:00:00,24.22548
BELISARIO,2025-12-27 14:00:00,24.417881
BELISARIO,2025-12-27 15:00:00,23.401022
BELISARIO,2025-12-27 16:00:00,21.615719
BELISARIO,2025-12-27 17:00:00,19.231083
BELISARIO,2025-12-27 18:00:00,18.625914
BELISARIO,2025-12-27 19:00:00,17.608128
BELISARIO,2025-12-27 20:00:00,15.961858
BELISARIO,2025-12-27 21:00:00,15.353004
BELISARIO,2025-12-27 22:00:00,13.972367
BELISARIO,2025-12-27 23:00:00,13.378518
BELISARIO,2025-12-28 00:00:00,16.60862
BELISARIO,2025-12-28 01:00:00,14.467461
BELISARIO,2025-12-28 02:00:00,14.4379225
BELISARIO,2025-12-28 03:00:00,15.222799
BELISARIO,2025-12-28 04:00:00,14.400043
BELISARIO,2025-12-28 05:00:00,17.534235
BELISARIO,2025-12-28 06:00:00,21.164907
BELISARIO,2025-12-28 07:00:00,22.353933
BELISARIO,2025-12-28 08:00:00,23.792557
BELISARIO,2025-12-28 09:00:00,23.541433
BELISARIO,2025-12-28 10:00:00,22.952047
BELISARIO,2025-12-28 11:00:00,23.680435
BELISARIO,2025-12-28 12:00:00,23.456656
BELISARIO,2025-12-28 13:00:00,23.081928
BELISARIO,2025-12-28 14:00:00,21.639534
BELISARIO,2025-12-28 15:00:00,22.5003
BELISARIO,2025-12-28 16:00:00,20.931332
BELISARIO,2025-12-28 17:00:00,18.939756
BELISARIO,2025-12-28 18:00:00,18.07202
BELISARIO,2025-12-28 19:00:00,15.692959
BELISARIO,2025-12-28 20:00:00,15.589188
BELISARIO,2025-12-28 21:00:00,14.019619
BELISARIO,2025-12-28 22:00:00,13.029175
BELISARIO,2025-12-28 23:00:00,12.258632
BELISARIO,2025-12-29 00:00:00,14.271396
BELISARIO,2025-12-29 01:00:00,13.171928
BELISARIO,2025-12-29 02:00:00,12.275533
BELISARIO,2025-12-29 03:00:00,13.050021
BELISARIO,2025-12-29 04:00:00,13.004199
BELISARIO,2025-12-29 05:00:00,15.06639
BELISARIO,2025-12-29 06:00:00,20.737263
BELISARIO,2025-12-29 07:00:00,26.173864
BELISARIO,2025-12-29 08:00:00,23.54198
BELISARIO,2025-12-29 09:00:00,23.487349
BELISARIO,2025-12-29 10:00:00,25.511133
BELISARIO,2025-12-29 11:00:00,24.504946
BELISARIO,2025-12-29 12:00:00,23.672739
BELISARIO,2025-12-29 13:00:00,23.166744
BELISARIO,2025-12-29 14:00:00,22.06452
BELISARIO,2025-12-29 15:00:00,22.266369
BELISARIO,2025-12-29 16:00:00,21.009756
BELISARIO,2025-12-29 17:00:00,19.939669
BELISARIO,2025-12-29 18:00:00,18.934237
BELISARIO,2025-12-29 19:00:00,16.740292
BELISARIO,2025-12-29 20:00:00,15.54784
BELISARIO,2025-12-29 21:00:00,14.231689
BELISARIO,2025-12-29 22:00:00,13.417112
BELISARIO,2025-12-29 23:00:00,12.070143
BELISARIO,2025-12-30 00:00:00,15.409622
BELISARIO,2025-12-30 01:00:00,12.952933
BELISARIO,2025-12-30 02:00:00,11.875498
BELISARIO,2025-12-30 03:00:00,12.461109
BELISARIO,2025-12-30 04:00:00,12.559596
BELISARIO,2025-12-30 05:00:00,15.03276
BELISARIO,2025-12-30 06:00:00,20.229439
BELISARIO,2025-12-30 07:00:00,25.35043
BELISARIO,2025-12-30 08:00:00,23.940271
BELISARIO,2025-12-30 09:00:00,24.12971
BELISARIO,2025-12-30 10:00:00,25.008123
BELISARIO,2025-12-30 11:00:00,24.4922
BELISARIO,2025-12-30 12:00:00,23.782248
BELISARIO,2025-12-30 13:00:00,24.231104
BELISARIO,2025-12-30 14:00:00,23.65555
BELISARIO,2025-12-30 15:00:00,22.815697
BELISARIO,2025-12-30 16:00:00,20.899687
BELISARIO,2025-12-30 17:00:00,19.389242
BELISARIO,2025-12-30 18:00:00,19.314491
BELISARIO,2025-12-30 19:00:00,17.355745
BELISARIO,2025-12-30 20:00:00,15.797884
BELISARIO,2025-12-30 21:00:00,14.445849
BELISARIO,2025-12-30 22:00:00,12.768713
BELISARIO,2025-12-30 23:00:00,11.438375
BELISARIO,2025-12-31 00:00:00,15.075802
BELISARIO,2025-12-31 01:00:00,12.833251
BELISARIO,2025-12-31 02:00:00,13.254841
BELISARIO,2025-12-31 03:00:00,12.369338
BELISARIO,2025-12-31 04:00:00,12.98506
BELISARIO,2025-12-31 05:00:00,15.923473
BELISARIO,2025-12-31 06:00:00,20.327614
BELISARIO,2025-12-31 07:00:00,25.935099
BELISARIO,2025-12-31 08:00:00,24.296722
BELISARIO,2025-12-31 09:00:00,24.356792
BELISARIO,2025-12-31 10:00:00,24.978172
BELISARIO,2025-12-31 11:00:00,25.09469
BELISARIO,2025-12-31 12:00:00,23.904724
BELISARIO,2025-12-31 13:00:00,24.962173
BELISARIO,2025-12-31 14:00:00,24.512383
BELISARIO,2025-12-31 15:00:00,23.868778
BELISARIO,2025-12-31 16:00:00,23.232458
BELISARIO,2025-12-31 17:00:00,20.659554
BELISARIO,2025-12-31 18:00:00,19.620708
BELISARIO,2025-12-31 19:00:00,18.068897
BELISARIO,2025-12-31 20:00:00,16.72581
BELISARIO,2025-12-31 21:00:00,15.437836
BELISARIO,2025-12-31 22:00:00,13.686551
BELISARIO,2025-12-31 23:00:00,12.132987
CARAPUNGO,2025-12-22 00:00:00,7.3269453
CARAPUNGO,2025-12-22 01:00:00,6.077864
CARAPUNGO,2025-12-22 02:00:00,7.2696815
CARAPUNGO,2025-12-22 03:00:00,6.954951
CARAPUNGO,2025-12-22 04:00:00,8.262064
CARAPUNGO,2025-12-22 05:00:00,11.386265
CARAPUNGO,2025-12-22 06:00:00,18.874392
CARAPUNGO,2025-12-22 07:00:00,22.620733
CARAPUNGO,2025-12-22 08:00:00,23.725246
CARAPUNGO,2025-12-22 09:00:00,19.19248
CARAPUNGO,2025-12-22 10:00:00,16.725016
CARAPUNGO,2025-12-22 11:00:00,17.243313
CARAPUNGO,2025-12-22 12:00:00,15.602358
CARAPUNGO,2025-12-22 13:00:00,15.641472
CARAPUNGO,2025-12-22 14:00:00,15.020288
CARAPUNGO,2025-12-22 15:00:00,16.044846
CARAPUNGO,2025-12-22 16:00:00,14.950426
CARAPUNGO,2025-12-22 17:00:00,14.16496
CARAPUNGO,2025-12-22 18:00:00,14.530802
CARAPUNGO,2025-12-22 19:00:00,14.931879
CARAPUNGO,2025-12-22 20:00:00,15.736638
CARAPUNGO,2025-12-22 21:00:00,14.470169
CARAPUNGO,2025-12-22 22:00:00,14.861306
CARAPUNGO,2025-12-22 23:00:00,15.207979
CARAPUNGO,2025-12-23 00:00:00,15.358728
CARAPUNGO,2025-12-23 01:00:00,13.52566
CARAPUNGO,2025-12-23 02:00:00,12.401174
CARAPUNGO,2025-12-23 03:00:00,12.155379
CARAPUNGO,2025-12-23 04:00:00,12.804176
CARAPUNGO,2025-12-23 05:00:00,14.361427
CARAPUNGO,2025-12-23 06:00:00,23.044258
CARAPUNGO,2025-12-23 07:00:00,25.93245
CARAPUNGO,2025-12-23 08:00:00,23.616938
CARAPUNGO,2025-12-23 09:00:00,19.153917
CARAPUNGO,2025-12-23 10:00:00,16.147049
CARAPUNGO,2025-12-23 11:00:00,16.354439
CARAPUNGO,2025-12-23 12:00:00,15.626439
CARAPUNGO,2025-12-23 13:00:00,15.889666
CARAPUNGO,2025-12-23 14:00:00,16.038324
CARAPUNGO,2025-12-23 15:00:00,16.620773
CARAPUNGO,2025-12-23 16:00:00,15.825338
CARAPUNGO,2025-12-23 17:00:00,14.245346
CARAPUNGO,2025-12-23 18:00:00,13.940727
CARAPUNGO,2025-12-23 19:00:00,15.3173275
CARAPUNGO,2025-12-23 20:00:00,14.366951
CARAPUNGO,2025-12-23 21:00:00,14.259568
CARAPUNGO,2025-12-23 22:00:00,12.900521
CARAPUNGO,2025-12-23 23:00:00,12.471855
CARAPUNGO,2025-12-24 00:00:00,13.277123
CARAPUNGO,2025-12-24 01:00:00,12.331232
CARAPUNGO,2025-12-24 02:00:00,11.280303
CARAPUNGO,2025-12-24 03:00:00,10.419012
CARAPUNGO,2025-12-24 04:00:00,11.6765375
CARAPUNGO,2025-12-24 05:00:00,15.847674
CARAPUNGO,2025-12-24 06:00:00,26.590448
CARAPUNGO,2025-12-24 07:00:00,28.23285
CARAPUNGO,2025-12-24 08:00:00,25.854889
CARAPUNGO,2025-12-24 09:00:00,21.722994
CARAPUNGO,2025-12-24 10:00:00,16.836912
CARAPUNGO,2025-12-24 11:00:00,16.3439
CARAPUNGO,2025-12-24 12:00:00,15.661385
CARAPUNGO,2025-12-24 13:00:00,15.340808
CARAPUNGO,2025-12-24 14:00:00,16.661222
CARAPUNGO,2025-12-24 15:00:00,16.499456
CARAPUNGO,2025-12-24 16:00:00,15.980172
CARAPUNGO,2025-12-24 17:00:00,14.986631
CARAPUNGO,2025-12-24 18:00:00,15.021069
CARAPUNGO,2025-12-24 19:00:00,15.743303
CARAPUNGO,2025-12-24 20:00:00,16.864368
CARAPUNGO,2025-12-24 21:00:00,15.782694
CARAPUNGO,2025-12-24 22:00:00,14.698696
CARAPUNGO,2025-12-24 23:00:00,14.119314
CARAPUNGO,2025-12-25 00:00:00,15.507707
CARAPUNGO,2025-12-25 01:00:00,13.321889
CARAPUNGO,2025-12-25 02:00:00,12.566964
CARAPUNGO,2025-12-25 03:00:00,12.24358
CARAPUNGO,2025-12-25 04:00:00,12.586263
CARAPUNGO,2025-12-25 05:00:00,15.048004
CARAPUNGO,2025-12-25 06:00:00,25.370535
CARAPUNGO,2025-12-25 07:00:00,30.477333
CARAPUNGO,2025-12-25 08:00:00,27.311852
CARAPUNGO,2025-12-25 09:00:00,24.479156
CARAPUNGO,2025-12-25 10:00:00,20.918861
CARAPUNGO,2025-12-25 11:00:00,19.368876
CARAPUNGO,2025-12-25 12:00:00,16.881697
CARAPUNGO,2025-12-25 13:00:00,16.336517
CARAPUNGO,2025-12-25 14:00:00,16.922213
CARAPUNGO,2025-12-25 15:00:00,16.170761
CARAPUNGO,2025-12-25 16:00:00,16.735577
CARAPUNGO,2025-12-25 17:00:00,15.797046
CARAPUNGO,2025-12-25 18:00:00,16.143576
CARAPUNGO,2025-12-25 19:00:00,16.447882
CARAPUNGO,2025-12-25 20:00:00,17.65561
CARAPUNGO,2025-12-25 21:00:00,16.999388
CARAPUNGO,2025-12-25 22:00:00,15.082178
CARAPUNGO,2025-12-25 23:00:00,14.582135
CARAPUNGO,2025-12-26 00:00:00,15.752126
CARAPUNGO,2025-12-26 01:00:00,14.468201
CARAPUNGO,2025-12-26 02:00:00,13.062705
CARAPUNGO,2025-12-26 03:00:00,13.403471
CARAPUNGO,2025-12-26 04:00:00,13.20352
CARAPUNGO,2025-12-26 05:00:00,15.406674
CARAPUNGO,2025-12-26 06:00:00,23.145906
CARAPUNGO,2025-12-26 07:00:00,25.385258
CARAPUNGO,2025-12-26 08:00:00,24.295574
CARAPUNGO,2025-12-26 09:00:00,22.153091
CARAPUNGO,2025-12-26 10:00:00,21.11089
CARAPUNGO,2025-12-26 11:00:00,18.726868
CARAPUNGO,2025-12-26 12:00:00,17.992548
CARAPUNGO,2025-12-26 13:00:00,17.201145
CARAPUNGO,2025-12-26 14:00:00,17.420689
CARAPUNGO,2025-12-26 15:00:00,16.76938
CARAPUNGO,2025-12-26 16:00:00,16.621353
CARAPUNGO,2025-12-26 17:00:00,16.06352
CARAPUNGO,2025-12-26 18:00:00,16.269493
CARAPUNGO,2025-12-26 19:00:00,17.077564
CARAPUNGO,2025-12-26 20:00:00,16.797987
CARAPUNGO,2025-12-26 21:00:00,17.478
CARAPUNGO,2025-12-26 22:00:00,15.407089
CARAPUNGO,2025-12-26 23:00:00,14.749745
CARAPUNGO,2025-12-27 00:00:00,16.438507
CARAPUNGO,2025-12-27 01:00:00,15.124186
CARAPUNGO,2025-12-27 02:00:00,14.197814
CARAPUNGO,2025-12-27 03:00:00,13.909428
CARAPUNGO,2025-12-27 04:00:00,14.243208
CARAPUNGO,2025-12-27 05:00:00,15.203427
CARAPUNGO,2025-12-27 06:00:00,18.555092
CARAPUNGO,2025-12-27 07:00:00,19.92657
CARAPUNGO,2025-12-27 08:00:00,19.835606
CARAPUNGO,2025-12-27 09:00:00,19.416668
CARAPUNGO,2025-12-27 10:00:00,18.726807
CARAPUNGO,2025-12-27 11:00:00,18.876316
CARAPUNGO,2025-12-27 12:00:00,16.061722
CARAPUNGO,2025-12-27 13:00:00,16.541712
CARAPUNGO,2025-12-27 14:00:00,16.310629
CARAPUNGO,2025-12-27 15:00:00,15.940386
CARAPUNGO,2025-12-27 16:00:00,15.654128
CARAPUNGO,2025-12-27 17:00:00,15.078551
CARAPUNGO,2025-12-27 18:00:00,15.659633
CARAPUNGO,2025-12-27 19:00:00,15.894084
CARAPUNGO,2025-12-27 20:00:00,16.838165
CARAPUNGO,2025-12-27 21:00:00,16.495155
CARAPUNGO,2025-12-27 22:00:00,15.8613
CARAPUNGO,2025-12-27 23:00:00,15.864993
CARAPUNGO,2025-12-28 00:00:00,16.52877
CARAPUNGO,2025-12-28 01:00:00,15.213541
CARAPUNGO,2025-12-28 02:00:00,14.184729
CARAPUNGO,2025-12-28 03:00:00,13.929873
CARAPUNGO,2025-12-28 04:00:00,14.11923
CARAPUNGO,2025-12-28 05:00:00,14.620941
CARAPUNGO,2025-12-28 06:00:00,17.325853
CARAPUNGO,2025-12-28 07:00:00,17.960606
CARAPUNGO,2025-12-28 08:00:00,17.093565
CARAPUNGO,2025-12-28 09:00:00,17.861336
CARAPUNGO,2025-12-28 10:00:00,17.786516
CARAPUNGO,2025-12-28 11:00:00,17.407063
CARAPUNGO,2025-12-28 12:00:00,17.064945
CARAPUNGO,2025-12-28 13:00:00,16.612705
CARAPUNGO,2025-12-28 14:00:00,16.861698
CARAPUNGO,2025-12-28 15:00:00,15.87173
CARAPUNGO,2025-12-28 16:00:00,15.753979
CARAPUNGO,2025-12-28 17:00:00,14.6664
CARAPUNGO,2025-12-28 18:00:00,15.354321
CARAPUNGO,2025-12-28 19:00:00,15.580879
CARAPUNGO,2025-12-28 20:00:00,15.895016
CARAPUNGO,2025-12-28 21:00:00,15.482436
CARAPUNGO,2025-12-28 22:00:00,14.727291
CARAPUNGO,2025-12-28 23:00:00,14.463423
CARAPUNGO,2025-12-29 00:00:00,16.166712
CARAPUNGO,2025-12-29 01:00:00,13.799648
CARAPUNGO,2025-12-29 02:00:00,13.667131
CARAPUNGO,2025-12-29 03:00:00,13.6986475
CARAPUNGO,2025-12-29 04:00:00,14.521644
CARAPUNGO,2025-12-29 05:00:00,15.275204
CARAPUNGO,2025-12-29 06:00:00,21.863787
CARAPUNGO,2025-12-29 07:00:00,21.608334
CARAPUNGO,2025-12-29 08:00:00,19.605322
CARAPUNGO,2025-12-29 09:00:00,17.993492
CARAPUNGO,2025-12-29 10:00:00,17.73476
CARAPUNGO,2025-12-29 11:00:00,17.958803
CARAPUNGO,2025-12-29 12:00:00,16.015146
CARAPUNGO,2025-12-29 13:00:00,16.067741
CARAPUNGO,2025-12-29 14:00:00,16.208933
CARAPUNGO,2025-12-29 15:00:00,15.666237
CARAPUNGO,2025-12-29 16:00:00,15.739733
CARAPUNGO,2025-12-29 17:00:00,14.981734
CARAPUNGO,2025-12-29 18:00:00,15.110019
CARAPUNGO,2025-12-29 19:00:00,14.888617
CARAPUNGO,2025-12-29 20:00:00,15.864371
CARAPUNGO,2025-12-29 21:00:00,15.046439
CARAPUNGO,2025-12-29 22:00:00,13.971144
CARAPUNGO,2025-12-29 23:00:00,13.900838
CARAPUNGO,2025-12-30 00:00:00,16.25196
CARAPUNGO,2025-12-30 01:00:00,13.847948
CARAPUNGO,2025-12-30 02:00:00,12.739675
CARAPUNGO,2025-12-30 03:00:00,12.728133
CARAPUNGO,2025-12-30 04:00:00,12.986464
CARAPUNGO,2025-12-30 05:00:00,14.629599
CARAPUNGO,2025-12-30 06:00:00,20.971632
CARAPUNGO,2025-12-30 07:00:00,22.627024
CARAPUNGO,2025-12-30 08:00:00,20.20671
CARAPUNGO,2025-12-30 09:00:00,17.487694
CARAPUNGO,2025-12-30 10:00:00,16.154518
CARAPUNGO,2025-12-30 11:00:00,17.084194
CARAPUNGO,2025-12-30 12:00:00,15.889821
CARAPUNGO,2025-12-30 13:00:00,16.255152
CARAPUNGO,2025-12-30 14:00:00,16.07455
CARAPUNGO,2025-12-30 15:00:00,15.354174
CARAPUNGO,2025-12-30 16:00:00,15.139423
CARAPUNGO,2025-12-30 17:00:00,14.968328
CARAPUNGO,2025-12-30 18:00:00,14.945601
CARAPUNGO,2025-12-30 19:00:00,14.776057
CARAPUNGO,2025-12-30 20:00:00,14.76177
CARAPUNGO,2025-12-30 21:00:00,13.959443
CARAPUNGO,2025-12-30 22:00:00,12.995736
CARAPUNGO,2025-12-30 23:00:00,12.422459
CARAPUNGO,2025-12-31 00:00:00,14.169699
CARAPUNGO,2025-12-31 01:00:00,13.014873
CARAPUNGO,2025-12-31 02:00:00,12.877406
CARAPUNGO,2025-12-31 03:00:00,12.1695595
CARAPUNGO,2025-12-31 04:00:00,12.672232
CARAPUNGO,2025-12-31 05:00:00,15.348387
CARAPUNGO,2025-12-31 06:00:00,23.729692
CARAPUNGO,2025-12-31 07:00:00,24.950703
CARAPUNGO,2025-12-31 08:00:00,22.114494
CARAPUNGO,2025-12-31 09:00:00,18.819801
CARAPUNGO,2025-12-31 10:00:00,17.20681
CARAPUNGO,2025-12-31 11:00:00,18.407904
CARAPUNGO,2025-12-31 12:00:00,16.02984
CARAPUNGO,2025-12-31 13:00:00,15.660642
CARAPUNGO,2025-12-31 14:00:00,16.372406
CARAPUNGO,2025-12-31 15:00:00,15.171323
CARAPUNGO,2025-12-31 16:00:00,15.04396
CARAPUNGO,2025-12-31 17:00:00,15.086399
CARAPUNGO,2025-12-31 18:00:00,15.47348
CARAPUNGO,2025-12-31 19:00:00,15.527026
CARAPUNGO,2025-12-31 20:00:00,15.622073
CARAPUNGO,2025-12-31 21:00:00,14.974152
CARAPUNGO,2025-12-31 22:00:00,13.718415
CARAPUNGO,2025-12-31 23:00:00,12.993466
CENTRO,2025-12-22 00:00:00,8.433053
CENTRO,2025-12-22 01:00:00,8.223669
CENTRO,2025-12-22 02:00:00,8.577521
CENTRO,2025-12-22 03:00:00,9.093822
CENTRO,2025-12-22 04:00:00,9.251522
CENTRO,2025-12-22 05:00:00,13.170362
CENTRO,2025-12-22 06:00:00,18.654612
CENTRO,2025-12-22 07:00:00,21.721584
CENTRO,2025-12-22 08:00:00,18.602926
CENTRO,2025-12-22 09:00:00,20.039995
CENTRO,2025-12-22 10:00:00,17.412418
CENTRO,2025-12-22 11:00:00,17.109934
CENTRO,2025-12-22 12:00:00,16.336815
CENTRO,2025-12-22 13:00:00,17.584337
CENTRO,2025-12-22 14:00:00,17.896421
CENTRO,2025-12-22 15:00:00,18.234533
CENTRO,2025-12-22 16:00:00,17.144644
CENTRO,2025-12-22 17:00:00,17.44266
CENTRO,2025-12-22 18:00:00,15.639162
CENTRO,2025-12-22 19:00:00,15.071383
CENTRO,2025-12-22 20:00:00,14.754154
CENTRO,2025-12-22 21:00:00,13.326242
CENTRO,2025-12-22 22:00:00,12.748192
CENTRO,2025-12-22 23:00:00,11.709177
CENTRO,2025-12-23 00:00:00,15.017983
CENTRO,2025-12-23 01:00:00,13.615118
CENTRO,2025-12-23 02:00:00,11.991312
CENTRO,2025-12-23 03:00:00,12.453977
CENTRO,2025-12-23 04:00:00,13.381169
CENTRO,2025-12-23 05:00:00,15.182483
CENTRO,2025-12-23 06:00:00,18.651398
CENTRO,2025-12-23 07:00:00,22.056946
CENTRO,2025-12-23 08:00:00,22.990046
CENTRO,2025-12-23 09:00:00,21.552694
CENTRO,2025-12-23 10:00:00,20.1009
CENTRO,2025-12-23 11:00:00,19.632015
CENTRO,2025-12-23 12:00:00,16.86477
CENTRO,2025-12-23 13:00:00,17.524296
CENTRO,2025-12-23 14:00:00,18.900455
CENTRO,2025-12-23 15:00:00,18.572521
CENTRO,2025-12-23 16:00:00,16.656956
CENTRO,2025-12-23 17:00:00,17.810253
CENTRO,2025-12-23 18:00:00,15.500136
CENTRO,2025-12-23 19:00:00,15.65653
CENTRO,2025-12-23 20:00:00,14.528298
CENTRO,2025-12-23 21:00:00,13.110067
CENTRO,2025-12-23 22:00:00,12.266627
CENTRO,2025-12-23 23:00:00,11.477947
CENTRO,2025-12-24 00:00:00,15.518022
CENTRO,2025-12-24 01:00:00,12.523006
CENTRO,2025-12-24 02:00:00,12.062834
CENTRO,2025-12-24 03:00:00,11.77825
CENTRO,2025-12-24 04:00:00,12.483361
CENTRO,2025-12-24 05:00:00,15.384651
CENTRO,2025-12-24 06:00:00,21.455301
CENTRO,2025-12-24 07:00:00,24.53664
CENTRO,2025-12-24 08:00:00,24.39898
CENTRO,2025-12-24 09:00:00,22.525589
CENTRO,2025-12-24 10:00:00,21.001665
CENTRO,2025-12-24 11:00:00,19.437359
CENTRO,2025-12-24 12:00:00,17.703644
CENTRO,2025-12-24 13:00:00,17.132118
CENTRO,2025-12-24 14:00:00,17.153261
CENTRO,2025-12-24 15:00:00,18.010878
CENTRO,2025-12-24 16:00:00,16.38229
CENTRO,2025-12-24 17:00:00,17.305021
CENTRO,2025-12-24 18:00:00,15.72098
CENTRO,2025-12-24 19:00:00,15.131701
CENTRO,2025-12-24 20:00:00,15.325562
CENTRO,2025-12-24 21:00:00,15.093582
CENTRO,2025-12-24 22:00:00,12.92643
CENTRO,2025-12-24 23:00:00,11.963841
CENTRO,2025-12-25 00:00:00,15.386814
CENTRO,2025-12-25 01:00:00,13.249362
CENTRO,2025-12-25 02:00:00,13.042296
CENTRO,2025-12-25 03:00:00,12.059115
CENTRO,2025-12-25 04:00:00,13.365367
CENTRO,2025-12-25 05:00:00,15.341776
CENTRO,2025-12-25 06:00:00,22.33644
CENTRO,2025-12-25 07:00:00,24.346018
CENTRO,2025-12-25 08:00:00,23.363848
CENTRO,2025-12-25 09:00:00,22.858799
CENTRO,2025-12-25 10:00:00,23.41056
CENTRO,2025-12-25 11:00:00,23.123089
CENTRO,2025-12-25 12:00:00,21.020248
CENTRO,2025-12-25 13:00:00,18.81151
CENTRO,2025-12-25 14:00:00,18.77343
CENTRO,2025-12-25 15:00:00,18.489508
CENTRO,2025-12-25 16:00:00,16.347883
CENTRO,2025-12-25 17:00:00,18.231941
CENTRO,2025-12-25 18:00:00,16.120077
CENTRO,2025-12-25 19:00:00,15.831367
CENTRO,2025-12-25 20:00:00,15.798496
CENTRO,2025-12-25 21:00:00,14.652698
CENTRO,2025-12-25 22:00:00,14.200909
CENTRO,2025-12-25 23:00:00,13.5883875
CENTRO,2025-12-26 00:00:00,17.117952
CENTRO,2025-12-26 01:00:00,14.3366375
CENTRO,2025-12-26 02:00:00,14.337343
CENTRO,2025-12-26 03:00:00,13.627686
CENTRO,2025-12-26 04:00:00,13.870909
CENTRO,2025-12-26 05:00:00,15.561973
CENTRO,2025-12-26 06:00:00,20.137144
CENTRO,2025-12-26 07:00:00,21.770796
CENTRO,2025-12-26 08:00:00,21.749441
CENTRO,2025-12-26 09:00:00,21.465729
CENTRO,2025-12-26 10:00:00,20.946627
CENTRO,2025-12-26 11:00:00,20.634663
CENTRO,2025-12-26 12:00:00,18.968704
CENTRO,2025-12-26 13:00:00,17.981842
CENTRO,2025-12-26 14:00:00,17.649004
CENTRO,2025-12-26 15:00:00,18.263966
CENTRO,2025-12-26 16:00:00,16.059113
CENTRO,2025-12-26 17:00:00,16.60277
CENTRO,2025-12-26 18:00:00,15.743198
CENTRO,2025-12-26 19:00:00,15.344691
CENTRO,2025-12-26 20:00:00,15.6658125
CENTRO,2025-12-26 21:00:00,15.083685
CENTRO,2025-12-26 22:00:00,13.567651
CENTRO,2025-12-26 23:00:00,12.695047
CENTRO,2025-12-27 00:00:00,15.165073
CENTRO,2025-12-27 01:00:00,14.105838
CENTRO,2025-12-27 02:00:00,13.675107
CENTRO,2025-12-27 03:00:00,13.196632
CENTRO,2025-12-27 04:00:00,13.288242
CENTRO,2025-12-27 05:00:00,14.709133
CENTRO,2025-12-27 06:00:00,17.171957
CENTRO,2025-12-27 07:00:00,18.878815
CENTRO,2025-12-27 08:00:00,19.088196
CENTRO,2025-12-27 09:00:00,19.585217
CENTRO,2025-12-27 10:00:00,20.097273
CENTRO,2025-12-27 11:00:00,20.72292
CENTRO,2025-12-27 12:00:00,19.449347
CENTRO,2025-12-27 13:00:00,18.0212
CENTRO,2025-12-27 14:00:00,17.798016
CENTRO,2025-12-27 15:00:00,17.644823
CENTRO,2025-12-27 16:00:00,15.560214
CENTRO,2025-12-27 17:00:00,15.777514
CENTRO,2025-12-27 18:00:00,14.97861
CENTRO,2025-12-27 19:00:00,13.905153
CENTRO,2025-12-27 20:00:00,14.277933
CENTRO,2025-12-27 21:00:00,13.993575
CENTRO,2025-12-27 22:00:00,13.216841
CENTRO,2025-12-27 23:00:00,12.528314
CENTRO,2025-12-28 00:00:00,15.204123
CENTRO,2025-12-28 01:00:00,14.089611
CENTRO,2025-12-28 02:00:00,13.619327
CENTRO,2025-12-28 03:00:00,13.329496
CENTRO,2025-12-28 04:00:00,13.879785
CENTRO,2025-12-28 05:00:00,14.971242
CENTRO,2025-12-28 06:00:00,16.212
CENTRO,2025-12-28 07:00:00,16.395449
CENTRO,2025-12-28 08:00:00,15.673258
CENTRO,2025-12-28 09:00:00,16.524935
CENTRO,2025-12-28 10:00:00,16.057184
CENTRO,2025-12-28 11:00:00,16.297144
CENTRO,2025-12-28 12:00:00,16.19063
CENTRO,2025-12-28 13:00:00,16.639273
CENTRO,2025-12-28 14:00:00,17.284464
CENTRO,2025-12-28 15:00:00,17.040283
CENTRO,2025-12-28 16:00:00,14.825506
CENTRO,2025-12-28 17:00:00,16.268808
CENTRO,2025-12-28 18:00:00,14.270851
CENTRO,2025-12-28 19:00:00,13.194968
CENTRO,2025-12-28 20:00:00,12.203001
CENTRO,2025-12-28 21:00:00,11.926612
CENTRO,2025-12-28 22:00:00,11.609337
CENTRO,2025-12-28 23:00:00,10.644136
CENTRO,2025-12-29 00:00:00,11.863641
CENTRO,2025-12-29 01:00:00,10.967806
CENTRO,2025-12-29 02:00:00,9.9627
CENTRO,2025-12-29 03:00:00,9.458305
CENTRO,2025-12-29 04:00:00,9.438412
CENTRO,2025-12-29 05:00:00,12.702342
CENTRO,2025-12-29 06:00:00,16.554157
CENTRO,2025-12-29 07:00:00,19.88065
CENTRO,2025-12-29 08:00:00,19.858221
CENTRO,2025-12-29 09:00:00,18.86242
CENTRO,2025-12-29 10:00:00,18.238806
CENTRO,2025-12-29 11:00:00,17.881435
CENTRO,2025-12-29 12:00:00,17.436302
CENTRO,2025-12-29 13:00:00,17.34845
CENTRO,2025-12-29 14:00:00,17.225512
CENTRO,2025-12-29 15:00:00,17.273146
CENTRO,2025-12-29 16:00:00,15.7965145
CENTRO,2025-12-29 17:00:00,16.047703
CENTRO,2025-12-29 18:00:00,15.172199
CENTRO,2025-12-29 19:00:00,14.366462
CENTRO,2025-12-29 20:00:00,13.55282
CENTRO,2025-12-29 21:00:00,12.209572
CENTRO,2025-12-29 22:00:00,11.558019
CENTRO,2025-12-29 23:00:00,10.7206955
CENTRO,2025-12-30 00:00:00,12.180545
CENTRO,2025-12-30 01:00:00,11.078392
CENTRO,2025-12-30 02:00:00,10.32069
CENTRO,2025-12-30 03:00:00,10.03988
CENTRO,2025-12-30 04:00:00,10.356535
CENTRO,2025-12-30 05:00:00,12.865377
CENTRO,2025-12-30 06:00:00,16.18987
CENTRO,2025-12-30 07:00:00,19.092379
CENTRO,2025-12-30 08:00:00,19.182951
CENTRO,2025-12-30 09:00:00,17.804163
CENTRO,2025-12-30 10:00:00,17.106005
CENTRO,2025-12-30 11:00:00,17.002186
CENTRO,2025-12-30 12:00:00,16.834484
CENTRO,2025-12-30 13:00:00,16.734634
CENTRO,2025-12-30 14:00:00,17.00645
CENTRO,2025-12-30 15:00:00,17.0339
CENTRO,2025-12-30 16:00:00,16.114904
CENTRO,2025-12-30 17:00:00,16.563406
CENTRO,2025-12-30 18:00:00,15.024773
CENTRO,2025-12-30 19:00:00,14.026299
CENTRO,2025-12-30 20:00:00,13.117054
CENTRO,2025-12-30 21:00:00,11.645224
CENTRO,2025-12-30 22:00:00,10.533339
CENTRO,2025-12-30 23:00:00,9.793592
CENTRO,2025-12-31 00:00:00,11.963997
CENTRO,2025-12-31 01:00:00,10.35991
CENTRO,2025-12-31 02:00:00,10.20806
CENTRO,2025-12-31 03:00:00,9.796478
CENTRO,2025-12-31 04:00:00,9.972557
CENTRO,2025-12-31 05:00:00,13.079384
CENTRO,2025-12-31 06:00:00,17.159533
CENTRO,2025-12-31 07:00:00,20.608904
CENTRO,2025-12-31 08:00:00,20.515377
CENTRO,2025-12-31 09:00:00,18.790504
CENTRO,2025-12-31 10:00:00,18.66297
CENTRO,2025-12-31 11:00:00,18.132061
CENTRO,2025-12-31 12:00:00,17.41681
CENTRO,2025-12-31 13:00:00,17.17094
CENTRO,2025-12-31 14:00:00,17.191671
CENTRO,2025-12-31 15:00:00,16.970627
CENTRO,2025-12-31 16:00:00,15.945828
CENTRO,2025-12-31 17:00:00,15.729825
CENTRO,2025-12-31 18:00:00,15.21488
CENTRO,2025-12-31 19:00:00,14.657309
CENTRO,2025-12-31 20:00:00,14.388888
CENTRO,2025-12-31 21:00:00,12.7528
CENTRO,2025-12-31 22:00:00,10.53881
CENTRO,2025-12-31 23:00:00,10.045712
COTOCOLLAO,2025-12-22 00:00:00,8.47825
COTOCOLLAO,2025-12-22 01:00:00,8.07311
COTOCOLLAO,2025-12-22 02:00:00,7.490492
COTOCOLLAO,2025-12-22 03:00:00,8.252457
COTOCOLLAO,2025-12-22 04:00:00,10.138238
COTOCOLLAO,2025-12-22 05:00:00,13.821124
COTOCOLLAO,2025-12-22 06:00:00,21.751951
COTOCOLLAO,2025-12-22 07:00:00,25.589663
COTOCOLLAO,2025-12-22 08:00:00,23.819422
COTOCOLLAO,2025-12-22 09:00:00,21.489784
COTOCOLLAO,2025-12-22 10:00:00,21.333853
COTOCOLLAO,2025-12-22 11:00:00,21.637997
COTOCOLLAO,2025-12-22 12:00:00,18.299017
COTOCOLLAO,2025-12-22 13:00:00,16.964193
COTOCOLLAO,2025-12-22 14:00:00,14.549151
COTOCOLLAO,2025-12-22 15:00:00,15.184664
COTOCOLLAO,2025-12-22 16:00:00,13.780387
COTOCOLLAO,2025-12-22 17:00:00,14.850512
COTOCOLLAO,2025-12-22 18:00:00,14.971534
COTOCOLLAO,2025-12-22 19:00:00,14.725772
COTOCOLLAO,2025-12-22 20:00:00,13.04557
COTOCOLLAO,2025-12-22 21:00:00,11.527839
COTOCOLLAO,2025-12-22 22:00:00,11.655735
COTOCOLLAO,2025-12-22 23:00:00,10.211925
COTOCOLLAO,2025-12-23 00:00:00,13.177862
COTOCOLLAO,2025-12-23 01:00:00,11.782617
COTOCOLLAO,2025-12-23 02:00:00,11.112565
COTOCOLLAO,2025-12-23 03:00:00,10.139568
COTOCOLLAO,2025-12-23 04:00:00,10.630258
COTOCOLLAO,2025-12-23 05:00:00,14.555954
COTOCOLLAO,2025-12-23 06:00:00,21.925728
COTOCOLLAO,2025-12-23 07:00:00,23.813248
COTOCOLLAO,2025-12-23 08:00:00,22.431656
COTOCOLLAO,2025-12-23 09:00:00,20.625072
COTOCOLLAO,2025-12-23 10:00:00,20.141136
COTOCOLLAO,2025-12-23 11:00:00,20.235645
COTOCOLLAO,2025-12-23 12:00:00,18.926434
COTOCOLLAO,2025-12-23 13:00:00,18.691463
COTOCOLLAO,2025-12-23 14:00:00,15.728052
COTOCOLLAO,2025-12-23 15:00:00,14.591069
COTOCOLLAO,2025-12-23 16:00:00,14.812608
COTOCOLLAO,2025-12-23 17:00:00,14.491446
COTOCOLLAO,2025-12-23 18:00:00,14.657012
COTOCOLLAO,2025-12-23 19:00:00,12.573996
COTOCOLLAO,2025-12-23 20:00:00,11.807646
COTOCOLLAO,2025-12-23 21:00:00,9.48197
COTOCOLLAO,2025-12-23 22:00:00,8.807799
COTOCOLLAO,2025-12-23 23:00:00,8.260533
COTOCOLLAO,2025-12-24 00:00:00,13.376881
COTOCOLLAO,2025-12-24 01:00:00,11.372496
COTOCOLLAO,2025-12-24 02:00:00,10.13173
COTOCOLLAO,2025-12-24 03:00:00,9.498069
COTOCOLLAO,2025-12-24 04:00:00,10.69065
COTOCOLLAO,2025-12-24 05:00:00,14.201104
COTOCOLLAO,2025-12-24 06:00:00,21.975554
COTOCOLLAO,2025-12-24 07:00:00,25.71587
COTOCOLLAO,2025-12-24 08:00:00,23.867432
COTOCOLLAO,2025-12-24 09:00:00,24.746468
COTOCOLLAO,2025-12-24 10:00:00,22.21598
COTOCOLLAO,2025-12-24 11:00:00,21.695114
COTOCOLLAO,2025-12-24 12:00:00,20.15289
COTOCOLLAO,2025-12-24 13:00:00,18.53938
COTOCOLLAO,2025-12-24 14:00:00,16.693556
COTOCOLLAO,2025-12-24 15:00:00,15.730172
COTOCOLLAO,2025-12-24 16:00:00,14.805169
COTOCOLLAO,2025-12-24 17:00:00,15.082577
COTOCOLLAO,2025-12-24 18:00:00,14.266433
COTOCOLLAO,2025-12-24 19:00:00,13.783958
COTOCOLLAO,2025-12-24 20:00:00,12.829845
COTOCOLLAO,2025-12-24 21:00:00,12.892228
COTOCOLLAO,2025-12-24 22:00:00,10.78799
COTOCOLLAO,2025-12-24 23:00:00,10.890063
COTOCOLLAO,2025-12-25 00:00:00,13.422298
COTOCOLLAO,2025-12-25 01:00:00,11.452926
COTOCOLLAO,2025-12-25 02:00:00,11.447917
COTOCOLLAO,2025-12-25 03:00:00,11.081787
COTOCOLLAO,2025-12-25 04:00:00,11.143606
COTOCOLLAO,2025-12-25 05:00:00,15.170114
COTOCOLLAO,2025-12-25 06:00:00,24.175793
COTOCOLLAO,2025-12-25 07:00:00,27.060825
COTOCOLLAO,2025-12-25 08:00:00,23.954836
COTOCOLLAO,2025-12-25 09:00:00,23.076128
COTOCOLLAO,2025-12-25 10:00:00,21.721247
COTOCOLLAO,2025-12-25 11:00:00,22.158394
COTOCOLLAO,2025-12-25 12:00:00,18.974438
COTOCOLLAO,2025-12-25 13:00:00,18.773678
COTOCOLLAO,2025-12-25 14:00:00,17.110426
COTOCOLLAO,2025-12-25 15:00:00,15.810355
COTOCOLLAO,2025-12-25 16:00:00,14.955595
COTOCOLLAO,2025-12-25 17:00:00,14.823187
COTOCOLLAO,2025-12-25 18:00:00,15.247326
COTOCOLLAO,2025-12-25 19:00:00,15.428184
COTOCOLLAO,2025-12-25 20:00:00,14.071958
COTOCOLLAO,2025-12-25 21:00:00,13.836726
COTOCOLLAO,2025-12-25 22:00:00,12.341385
COTOCOLLAO,2025-12-25 23:00:00,10.890833
COTOCOLLAO,2025-12-26 00:00:00,13.544998
COTOCOLLAO,2025-12-26 01:00:00,11.862064
COTOCOLLAO,2025-12-26 02:00:00,11.028383
COTOCOLLAO,2025-12-26 03:00:00,10.41824
COTOCOLLAO,2025-12-26 04:00:00,11.175259
COTOCOLLAO,2025-12-26 05:00:00,15.071531
COTOCOLLAO,2025-12-26 06:00:00,21.272928
COTOCOLLAO,2025-12-26 07:00:00,26.036097
COTOCOLLAO,2025-12-26 08:00:00,23.813553
COTOCOLLAO,2025-12-26 09:00:00,23.697227
COTOCOLLAO,2025-12-26 10:00:00,22.477596
COTOCOLLAO,2025-12-26 11:00:00,21.651287
COTOCOLLAO,2025-12-26 12:00:00,20.405684
COTOCOLLAO,2025-12-26 13:00:00,19.49247
COTOCOLLAO,2025-12-26 14:00:00,17.101635
COTOCOLLAO,2025-12-26 15:00:00,16.493828
COTOCOLLAO,2025-12-26 16:00:00,15.742978
COTOCOLLAO,2025-12-26 17:00:00,14.838124
COTOCOLLAO,2025-12-26 18:00:00,14.180243
COTOCOLLAO,2025-12-26 19:00:00,14.268225
COTOCOLLAO,2025-12-26 20:00:00,13.513481
COTOCOLLAO,2025-12-26 21:00:00,12.7897005
COTOCOLLAO,2025-12-26 22:00:00,11.111211
COTOCOLLAO,2025-12-26 23:00:00,10.801844
COTOCOLLAO,2025-12-27 00:00:00,13.399022
COTOCOLLAO,2025-12-27 01:00:00,11.727644
COTOCOLLAO,2025-12-27 02:00:00,11.623702
COTOCOLLAO,2025-12-27 03:00:00,11.105391
COTOCOLLAO,2025-12-27 04:00:00,11.397694
COTOCOLLAO,2025-12-27 05:00:00,13.429811
COTOCOLLAO,2025-12-27 06:00:00,15.089831
COTOCOLLAO,2025-12-27 07:00:00,16.630138
COTOCOLLAO,2025-12-27 08:00:00,17.397657
COTOCOLLAO,2025-12-27 09:00:00,18.910854
COTOCOLLAO,2025-12-27 10:00:00,19.319664
COTOCOLLAO,2025-12-27 11:00:00,20.21589
COTOCOLLAO,2025-12-27 12:00:00,18.468777
COTOCOLLAO,2025-12-27 13:00:00,18.568205
COTOCOLLAO,2025-12-27 14:00:00,16.02761
COTOCOLLAO,2025-12-27 15:00:00,14.706831
COTOCOLLAO,2025-12-27 16:00:00,14.312385
COTOCOLLAO,2025-12-27 17:00:00,14.310307
COTOCOLLAO,2025-12-27 18:00:00,14.393783
COTOCOLLAO,2025-12-27 19:00:00,13.343165
COTOCOLLAO,2025-12-27 20:00:00,12.499298
COTOCOLLAO,2025-12-27 21:00:00,12.008751
COTOCOLLAO,2025-12-27 22:00:00,10.564886
COTOCOLLAO,2025-12-27 23:00:00,9.464069
COTOCOLLAO,2025-12-28 00:00:00,13.449765
COTOCOLLAO,2025-12-28 01:00:00,11.7499485
COTOCOLLAO,2025-12-28 02:00:00,10.930491
COTOCOLLAO,2025-12-28 03:00:00,10.510217
COTOCOLLAO,2025-12-28 04:00:00,11.238502
COTOCOLLAO,2025-12-28 05:00:00,13.22298
COTOCOLLAO,2025-12-28 06:00:00,13.8207035
COTOCOLLAO,2025-12-28 07:00:00,14.543707
COTOCOLLAO,2025-12-28 08:00:00,15.121304
COTOCOLLAO,2025-12-28 09:00:00,16.166681
COTOCOLLAO,2025-12-28 10:00:00,17.451199
COTOCOLLAO,2025-12-28 11:00:00,18.560623
COTOCOLLAO,2025-12-28 12:00:00,18.08617
COTOCOLLAO,2025-12-28 13:00:00,17.525215
COTOCOLLAO,2025-12-28 14:00:00,15.350656
COTOCOLLAO,2025-12-28 15:00:00,14.958424
COTOCOLLAO,2025-12-28 16:00:00,14.214692
COTOCOLLAO,2025-12-28 17:00:00,14.207426
COTOCOLLAO,2025-12-28 18:00:00,14.023247
COTOCOLLAO,2025-12-28 19:00:00,12.660272
COTOCOLLAO,2025-12-28 20:00:00,11.475645
COTOCOLLAO,2025-12-28 21:00:00,10.514939
COTOCOLLAO,2025-12-28 22:00:00,9.206257
COTOCOLLAO,2025-12-28 23:00:00,8.102571
COTOCOLLAO,2025-12-29 00:00:00,11.1507845
COTOCOLLAO,2025-12-29 01:00:00,9.943166
COTOCOLLAO,2025-12-29 02:00:00,8.933222
COTOCOLLAO,2025-12-29 03:00:00,9.017406
COTOCOLLAO,2025-12-29 04:00:00,10.619698
COTOCOLLAO,2025-12-29 05:00:00,13.279795
COTOCOLLAO,2025-12-29 06:00:00,18.855907
COTOCOLLAO,2025-12-29 07:00:00,20.07279
COTOCOLLAO,2025-12-29 08:00:00,19.069893
COTOCOLLAO,2025-12-29 09:00:00,17.882149
COTOCOLLAO,2025-12-29 10:00:00,18.49272
COTOCOLLAO,2025-12-29 11:00:00,18.415148
COTOCOLLAO,2025-12-29 12:00:00,18.061913
COTOCOLLAO,2025-12-29 13:00:00,18.232252
COTOCOLLAO,2025-12-29 14:00:00,15.720761
COTOCOLLAO,2025-12-29 15:00:00,14.873109
COTOCOLLAO,2025-12-29 16:00:00,13.936191
COTOCOLLAO,2025-12-29 17:00:00,14.829995
COTOCOLLAO,2025-12-29 18:00:00,14.676793
COTOCOLLAO,2025-12-29 19:00:00,14.136993
COTOCOLLAO,2025-12-29 20:00:00,12.450246
COTOCOLLAO,2025-12-29 21:00:00,10.94817
COTOCOLLAO,2025-12-29 22:00:00,9.406226
COTOCOLLAO,2025-12-29 23:00:00,8.65401
COTOCOLLAO,2025-12-30 00:00:00,11.76147
COTOCOLLAO,2025-12-30 01:00:00,10.359294
COTOCOLLAO,2025-12-30 02:00:00,10.266963
COTOCOLLAO,2025-12-30 03:00:00,9.905821
COTOCOLLAO,2025-12-30 04:00:00,10.4892435
COTOCOLLAO,2025-12-30 05:00:00,13.603913
COTOCOLLAO,2025-12-30 06:00:00,18.971327
COTOCOLLAO,2025-12-30 07:00:00,22.703592
COTOCOLLAO,2025-12-30 08:00:00,19.802677
COTOCOLLAO,2025-12-30 09:00:00,17.123627
COTOCOLLAO,2025-12-30 10:00:00,17.32173
COTOCOLLAO,2025-12-30 11:00:00,18.400486
COTOCOLLAO,2025-12-30 12:00:00,18.16853
COTOCOLLAO,2025-12-30 13:00:00,17.538504
COTOCOLLAO,2025-12-30 14:00:00,15.860825
COTOCOLLAO,2025-12-30 15:00:00,14.771493
COTOCOLLAO,2025-12-30 16:00:00,14.6624365
COTOCOLLAO,2025-12-30 17:00:00,14.404267
COTOCOLLAO,2025-12-30 18:00:00,14.322512
COTOCOLLAO,2025-12-30 19:00:00,13.150407
COTOCOLLAO,2025-12-30 20:00:00,11.874495
COTOCOLLAO,2025-12-30 21:00:00,9.869767
COTOCOLLAO,2025-12-30 22:00:00,8.64537
COTOCOLLAO,2025-12-30 23:00:00,8.09963
COTOCOLLAO,2025-12-31 00:00:00,12.012374
COTOCOLLAO,2025-12-31 01:00:00,10.15401
COTOCOLLAO,2025-12-31 02:00:00,9.546335
COTOCOLLAO,2025-12-31 03:00:00,9.228272
COTOCOLLAO,2025-12-31 04:00:00,10.641192
COTOCOLLAO,2025-12-31 05:00:00,13.174413
COTOCOLLAO,2025-12-31 06:00:00,18.275726
COTOCOLLAO,2025-12-31 07:00:00,21.602198
COTOCOLLAO,2025-12-31 08:00:00,20.68514
COTOCOLLAO,2025-12-31 09:00:00,18.97711
COTOCOLLAO,2025-12-31 10:00:00,18.408493
COTOCOLLAO,2025-12-31 11:00:00,18.44927
COTOCOLLAO,2025-12-31 12:00:00,18.07221
COTOCOLLAO,2025-12-31 13:00:00,18.410616
COTOCOLLAO,2025-12-31 14:00:00,16.590315
COTOCOLLAO,2025-12-31 15:00:00,14.937786
COTOCOLLAO,2025-12-31 16:00:00,14.609149
COTOCOLLAO,2025-12-31 17:00:00,14.779842
COTOCOLLAO,2025-12-31 18:00:00,14.723296
COTOCOLLAO,2025-12-31 19:00:00,13.735233
COTOCOLLAO,2025-12-31 20:00:00,12.491409
COTOCOLLAO,2025-12-31 21:00:00,10.379815
COTOCOLLAO,2025-12-31 22:00:00,8.740848
COTOCOLLAO,2025-12-31 23:00:00,8.341616
EL CAMAL,2025-12-22 00:00:00,7.148622
EL CAMAL,2025-12-22 01:00:00,7.830488
EL CAMAL,2025-12-22 02:00:00,6.950761
EL CAMAL,2025-12-22 03:00:00,6.9081507
EL CAMAL,2025-12-22 04:00:00,7.9545684
EL CAMAL,2025-12-22 05:00:00,10.913472
EL CAMAL,2025-12-22 06:00:00,18.908112
EL CAMAL,2025-12-22 07:00:00,25.900166
EL CAMAL,2025-12-22 08:00:00,25.768438
EL CAMAL,2025-12-22 09:00:00,23.39281
EL CAMAL,2025-12-22 10:00:00,22.268433
EL CAMAL,2025-12-22 11:00:00,19.020554
EL CAMAL,2025-12-22 12:00:00,18.629526
EL CAMAL,2025-12-22 13:00:00,21.431494
EL CAMAL,2025-12-22 14:00:00,20.70859
EL CAMAL,2025-12-22 15:00:00,19.818933
EL CAMAL,2025-12-22 16:00:00,20.721924
EL CAMAL,2025-12-22 17:00:00,18.083109
EL CAMAL,2025-12-22 18:00:00,17.076923
EL CAMAL,2025-12-22 19:00:00,17.737352
EL CAMAL,2025-12-22 20:00:00,17.669674
EL CAMAL,2025-12-22 21:00:00,16.87712
EL CAMAL,2025-12-22 22:00:00,16.826796
EL CAMAL,2025-12-22 23:00:00,17.590036
EL CAMAL,2025-12-23 00:00:00,17.780163
EL CAMAL,2025-12-23 01:00:00,17.526606
EL CAMAL,2025-12-23 02:00:00,16.423386
EL CAMAL,2025-12-23 03:00:00,15.462938
EL CAMAL,2025-12-23 04:00:00,16.394629
EL CAMAL,2025-12-23 05:00:00,18.256186
EL CAMAL,2025-12-23 06:00:00,24.598206
EL CAMAL,2025-12-23 07:00:00,31.268038
EL CAMAL,2025-12-23 08:00:00,29.010891
EL CAMAL,2025-12-23 09:00:00,25.71372
EL CAMAL,2025-12-23 10:00:00,22.378824
EL CAMAL,2025-12-23 11:00:00,20.828655
EL CAMAL,2025-12-23 12:00:00,18.965837
EL CAMAL,2025-12-23 13:00:00,20.797901
EL CAMAL,2025-12-23 14:00:00,21.5453
EL CAMAL,2025-12-23 15:00:00,20.198616
EL CAMAL,2025-12-23 16:00:00,20.969004
EL CAMAL,2025-12-23 17:00:00,18.210188
EL CAMAL,2025-12-23 18:00:00,17.68273
EL CAMAL,2025-12-23 19:00:00,17.487524
EL CAMAL,2025-12-23 20:00:00,16.93687
EL CAMAL,2025-12-23 21:00:00,16.5343
EL CAMAL,2025-12-23 22:00:00,15.067141
EL CAMAL,2025-12-23 23:00:00,15.347515
EL CAMAL,2025-12-24 00:00:00,16.08514
EL CAMAL,2025-12-24 01:00:00,15.246178
EL CAMAL,2025-12-24 02:00:00,15.803979
EL CAMAL,2025-12-24 03:00:00,15.752054
EL CAMAL,2025-12-24 04:00:00,16.890053
EL CAMAL,2025-12-24 05:00:00,20.07459
EL CAMAL,2025-12-24 06:00:00,26.131304
EL CAMAL,2025-12-24 07:00:00,31.100485
EL CAMAL,2025-12-24 08:00:00,28.676329
EL CAMAL,2025-12-24 09:00:00,25.906229
EL CAMAL,2025-12-24 10:00:00,23.324142
EL CAMAL,2025-12-24 11:00:00,22.008448
EL CAMAL,2025-12-24 12:00:00,21.282465
EL CAMAL,2025-12-24 13:00:00,21.61593
EL CAMAL,2025-12-24 14:00:00,22.07698
EL CAMAL,2025-12-24 15:00:00,21.76131
EL CAMAL,2025-12-24 16:00:00,21.627174
EL CAMAL,2025-12-24 17:00:00,20.558693
EL CAMAL,2025-12-24 18:00:00,19.463932
EL CAMAL,2025-12-24 19:00:00,19.070656
EL CAMAL,2025-12-24 20:00:00,18.681902
EL CAMAL,2025-12-24 21:00:00,17.91243
EL CAMAL,2025-12-24 22:00:00,16.616703
EL CAMAL,2025-12-24 23:00:00,16.42043
EL CAMAL,2025-12-25 00:00:00,17.445568
EL CAMAL,2025-12-25 01:00:00,16.225939
EL CAMAL,2025-12-25 02:00:00,16.241251
EL CAMAL,2025-12-25 03:00:00,15.749404
EL CAMAL,2025-12-25 04:00:00,17.341852
EL CAMAL,2025-12-25 05:00:00,23.011826
EL CAMAL,2025-12-25 06:00:00,31.939913
EL CAMAL,2025-12-25 07:00:00,35.038994
EL CAMAL,2025-12-25 08:00:00,30.889545
EL CAMAL,2025-12-25 09:00:00,27.060083
EL CAMAL,2025-12-25 10:00:00,24.93936
EL CAMAL,2025-12-25 11:00:00,23.718517
EL CAMAL,2025-12-25 12:00:00,22.672976
EL CAMAL,2025-12-25 13:00:00,20.862366
EL CAMAL,2025-12-25 14:00:00,21.43704
EL CAMAL,2025-12-25 15:00:00,21.917723
EL CAMAL,2025-12-25 16:00:00,20.762989
EL CAMAL,2025-12-25 17:00:00,19.22282
EL CAMAL,2025-12-25 18:00:00,19.020435
EL CAMAL,2025-12-25 19:00:00,19.80898
EL CAMAL,2025-12-25 20:00:00,20.176464
EL CAMAL,2025-12-25 21:00:00,18.527695
EL CAMAL,2025-12-25 22:00:00,17.45588
EL CAMAL,2025-12-25 23:00:00,16.929832
EL CAMAL,2025-12-26 00:00:00,17.531363
EL CAMAL,2025-12-26 01:00:00,16.517017
EL CAMAL,2025-12-26 02:00:00,15.589827
EL CAMAL,2025-12-26 03:00:00,16.333754
EL CAMAL,2025-12-26 04:00:00,16.8564
EL CAMAL,2025-12-26 05:00:00,20.403093
EL CAMAL,2025-12-26 06:00:00,28.645851
EL CAMAL,2025-12-26 07:00:00,29.93246
EL CAMAL,2025-12-26 08:00:00,28.780756
EL CAMAL,2025-12-26 09:00:00,24.538416
EL CAMAL,2025-12-26 10:00:00,23.055475
EL CAMAL,2025-12-26 11:00:00,22.561045
EL CAMAL,2025-12-26 12:00:00,21.411554
EL CAMAL,2025-12-26 13:00:00,22.229454
EL CAMAL,2025-12-26 14:00:00,23.143711
EL CAMAL,2025-12-26 15:00:00,21.734638
EL CAMAL,2025-12-26 16:00:00,21.273428
EL CAMAL,2025-12-26 17:00:00,20.130955
EL CAMAL,2025-12-26 18:00:00,18.718748
EL CAMAL,2025-12-26 19:00:00,18.9988
EL CAMAL,2025-12-26 20:00:00,18.47386
EL CAMAL,2025-12-26 21:00:00,18.437784
EL CAMAL,2025-12-26 22:00:00,16.750431
EL CAMAL,2025-12-26 23:00:00,16.332794
EL CAMAL,2025-12-27 00:00:00,16.847204
EL CAMAL,2025-12-27 01:00:00,15.504637
EL CAMAL,2025-12-27 02:00:00,15.852822
EL CAMAL,2025-12-27 03:00:00,15.925516
EL CAMAL,2025-12-27 04:00:00,17.715624
EL CAMAL,2025-12-27 05:00:00,21.437353
EL CAMAL,2025-12-27 06:00:00,29.600086
EL CAMAL,2025-12-27 07:00:00,31.215508
EL CAMAL,2025-12-27 08:00:00,28.544155
EL CAMAL,2025-12-27 09:00:00,23.559338
EL CAMAL,2025-12-27 10:00:00,22.536901
EL CAMAL,2025-12-27 11:00:00,22.689045
EL CAMAL,2025-12-27 12:00:00,22.345896
EL CAMAL,2025-12-27 13:00:00,21.991873
EL CAMAL,2025-12-27 14:00:00,21.948048
EL CAMAL,2025-12-27 15:00:00,21.530964
EL CAMAL,2025-12-27 16:00:00,20.435507
EL CAMAL,2025-12-27 17:00:00,19.099901
EL CAMAL,2025-12-27 18:00:00,19.159296
EL CAMAL,2025-12-27 19:00:00,19.192604
EL CAMAL,2025-12-27 20:00:00,18.69499
EL CAMAL,2025-12-27 21:00:00,18.947866
EL CAMAL,2025-12-27 22:00:00,17.55543
EL CAMAL,2025-12-27 23:00:00,17.163277
EL CAMAL,2025-12-28 00:00:00,17.87818
EL CAMAL,2025-12-28 01:00:00,16.382019
EL CAMAL,2025-12-28 02:00:00,15.680299
EL CAMAL,2025-12-28 03:00:00,17.029896
EL CAMAL,2025-12-28 04:00:00,16.146587
EL CAMAL,2025-12-28 05:00:00,18.927748
EL CAMAL,2025-12-28 06:00:00,24.973831
EL CAMAL,2025-12-28 07:00:00,24.535727
EL CAMAL,2025-12-28 08:00:00,24.239311
EL CAMAL,2025-12-28 09:00:00,23.085154
EL CAMAL,2025-12-28 10:00:00,22.165342
EL CAMAL,2025-12-28 11:00:00,22.010626
EL CAMAL,2025-12-28 12:00:00,20.62934
EL CAMAL,2025-12-28 13:00:00,22.316153
EL CAMAL,2025-12-28 14:00:00,22.485847
EL CAMAL,2025-12-28 15:00:00,21.69598
EL CAMAL,2025-12-28 16:00:00,20.260105
EL CAMAL,2025-12-28 17:00:00,18.453087
EL CAMAL,2025-12-28 18:00:00,18.25472
EL CAMAL,2025-12-28 19:00:00,18.126436
EL CAMAL,2025-12-28 20:00:00,18.405651
EL CAMAL,2025-12-28 21:00:00,17.96853
EL CAMAL,2025-12-28 22:00:00,16.94426
EL CAMAL,2025-12-28 23:00:00,16.624979
EL CAMAL,2025-12-29 00:00:00,16.360691
EL CAMAL,2025-12-29 01:00:00,15.224255
EL CAMAL,2025-12-29 02:00:00,14.051828
EL CAMAL,2025-12-29 03:00:00,14.571764
EL CAMAL,2025-12-29 04:00:00,16.02047
EL CAMAL,2025-12-29 05:00:00,18.244375
EL CAMAL,2025-12-29 06:00:00,25.19136
EL CAMAL,2025-12-29 07:00:00,27.596933
EL CAMAL,2025-12-29 08:00:00,22.36717
EL CAMAL,2025-12-29 09:00:00,21.8461
EL CAMAL,2025-12-29 10:00:00,21.535078
EL CAMAL,2025-12-29 11:00:00,22.030962
EL CAMAL,2025-12-29 12:00:00,21.929077
EL CAMAL,2025-12-29 13:00:00,21.312479
EL CAMAL,2025-12-29 14:00:00,21.475803
EL CAMAL,2025-12-29 15:00:00,21.055534
EL CAMAL,2025-12-29 16:00:00,20.531216
EL CAMAL,2025-12-29 17:00:00,18.852184
EL CAMAL,2025-12-29 18:00:00,19.05138
EL CAMAL,2025-12-29 19:00:00,19.235647
EL CAMAL,2025-12-29 20:00:00,19.085188
EL CAMAL,2025-12-29 21:00:00,18.81716
EL CAMAL,2025-12-29 22:00:00,17.834642
EL CAMAL,2025-12-29 23:00:00,17.203959
EL CAMAL,2025-12-30 00:00:00,17.297565
EL CAMAL,2025-12-30 01:00:00,15.658188
EL CAMAL,2025-12-30 02:00:00,14.7953205
EL CAMAL,2025-12-30 03:00:00,14.923533
EL CAMAL,2025-12-30 04:00:00,15.30872
EL CAMAL,2025-12-30 05:00:00,18.593052
EL CAMAL,2025-12-30 06:00:00,27.378237
EL CAMAL,2025-12-30 07:00:00,29.469921
EL CAMAL,2025-12-30 08:00:00,25.573446
EL CAMAL,2025-12-30 09:00:00,22.74106
EL CAMAL,2025-12-30 10:00:00,22.445057
EL CAMAL,2025-12-30 11:00:00,22.047724
EL CAMAL,2025-12-30 12:00:00,20.976244
EL CAMAL,2025-12-30 13:00:00,22.021214
EL CAMAL,2025-12-30 14:00:00,21.203798
EL CAMAL,2025-12-30 15:00:00,21.159456
EL CAMAL,2025-12-30 16:00:00,20.894754
EL CAMAL,2025-12-30 17:00:00,19.852274
EL CAMAL,2025-12-30 18:00:00,20.170174
EL CAMAL,2025-12-30 19:00:00,20.119833
EL CAMAL,2025-12-30 20:00:00,20.226316
EL CAMAL,2025-12-30 21:00:00,19.833637
EL CAMAL,2025-12-30 22:00:00,17.862425
EL CAMAL,2025-12-30 23:00:00,17.299442
EL CAMAL,2025-12-31 00:00:00,16.957212
EL CAMAL,2025-12-31 01:00:00,15.553609
EL CAMAL,2025-12-31 02:00:00,15.115308
EL CAMAL,2025-12-31 03:00:00,14.77644
EL CAMAL,2025-12-31 04:00:00,15.160333
EL CAMAL,2025-12-31 05:00:00,18.598259
EL CAMAL,2025-12-31 06:00:00,29.001959
EL CAMAL,2025-12-31 07:00:00,29.621918
EL CAMAL,2025-12-31 08:00:00,25.221676
EL CAMAL,2025-12-31 09:00:00,22.515224
EL CAMAL,2025-12-31 10:00:00,22.116528
EL CAMAL,2025-12-31 11:00:00,22.460009
EL CAMAL,2025-12-31 12:00:00,21.536486
EL CAMAL,2025-12-31 13:00:00,21.521667
EL CAMAL,2025-12-31 14:00:00,22.696653
EL CAMAL,2025-12-31 15:00:00,21.18097
EL CAMAL,2025-12-31 16:00:00,20.911892
EL CAMAL,2025-12-31 17:00:00,19.67974
EL CAMAL,2025-12-31 18:00:00,20.044182
EL CAMAL,2025-12-31 19:00:00,20.178827
EL CAMAL,2025-12-31 20:00:00,19.67302
EL CAMAL,2025-12-31 21:00:00,19.873407
EL CAMAL,2025-12-31 22:00:00,18.690601
EL CAMAL,2025-12-31 23:00:00,17.948992
GUAMANI,2025-12-22 00:00:00,16.602236
GUAMANI,2025-12-22 01:00:00,13.8516035
GUAMANI,2025-12-22 02:00:00,12.809763
GUAMANI,2025-12-22 03:00:00,12.662242
GUAMANI,2025-12-22 04:00:00,12.505019
GUAMANI,2025-12-22 05:00:00,15.355887
GUAMANI,2025-12-22 06:00:00,20.415146
GUAMANI,2025-12-22 07:00:00,20.325016
GUAMANI,2025-12-22 08:00:00,18.626287
GUAMANI,2025-12-22 09:00:00,16.24966
GUAMANI,2025-12-22 10:00:00,14.722649
GUAMANI,2025-12-22 11:00:00,17.206707
GUAMANI,2025-12-22 12:00:00,18.489254
GUAMANI,2025-12-22 13:00:00,18.619461
GUAMANI,2025-12-22 14:00:00,17.867922
GUAMANI,2025-12-22 15:00:00,17.289349
GUAMANI,2025-12-22 16:00:00,17.126455
GUAMANI,2025-12-22 17:00:00,17.19064
GUAMANI,2025-12-22 18:00:00,18.357443
GUAMANI,2025-12-22 19:00:00,17.798811
GUAMANI,2025-12-22 20:00:00,19.220486
GUAMANI,2025-12-22 21:00:00,17.925571
GUAMANI,2025-12-22 22:00:00,15.95079
GUAMANI,2025-12-22 23:00:00,14.337837
GUAMANI,2025-12-23 00:00:00,16.730047
GUAMANI,2025-12-23 01:00:00,14.44032
GUAMANI,2025-12-23 02:00:00,13.210606
GUAMANI,2025-12-23 03:00:00,12.698891
GUAMANI,2025-12-23 04:00:00,12.403147
GUAMANI,2025-12-23 05:00:00,15.139203
GUAMANI,2025-12-23 06:00:00,19.718369
GUAMANI,2025-12-23 07:00:00,21.797672
GUAMANI,2025-12-23 08:00:00,19.15259
GUAMANI,2025-12-23 09:00:00,16.37286
GUAMANI,2025-12-23 10:00:00,15.017267
GUAMANI,2025-12-23 11:00:00,17.475716
GUAMANI,2025-12-23 12:00:00,18.085503
GUAMANI,2025-12-23 13:00:00,18.909845
GUAMANI,2025-12-23 14:00:00,17.757238
GUAMANI,2025-12-23 15:00:00,17.491343
GUAMANI,2025-12-23 16:00:00,17.10653
GUAMANI,2025-12-23 17:00:00,17.44861
GUAMANI,2025-12-23 18:00:00,17.626337
GUAMANI,2025-12-23 19:00:00,17.615856
GUAMANI,2025-12-23 20:00:00,18.418882
GUAMANI,2025-12-23 21:00:00,17.745926
GUAMANI,2025-12-23 22:00:00,15.632204
GUAMANI,2025-12-23 23:00:00,14.418361
GUAMANI,2025-12-24 00:00:00,17.093307
GUAMANI,2025-12-24 01:00:00,15.290123
GUAMANI,2025-12-24 02:00:00,13.386216
GUAMANI,2025-12-24 03:00:00,12.844685
GUAMANI,2025-12-24 04:00:00,13.233593
GUAMANI,2025-12-24 05:00:00,15.239035
GUAMANI,2025-12-24 06:00:00,20.414082
GUAMANI,2025-12-24 07:00:00,21.778105
GUAMANI,2025-12-24 08:00:00,20.10252
GUAMANI,2025-12-24 09:00:00,17.363626
GUAMANI,2025-12-24 10:00:00,15.831628
GUAMANI,2025-12-24 11:00:00,17.119207
GUAMANI,2025-12-24 12:00:00,18.12412
GUAMANI,2025-12-24 13:00:00,18.961672
GUAMANI,2025-12-24 14:00:00,18.069725
GUAMANI,2025-12-24 15:00:00,17.468369
GUAMANI,2025-12-24 16:00:00,17.083555
GUAMANI,2025-12-24 17:00:00,17.094988
GUAMANI,2025-12-24 18:00:00,17.867708
GUAMANI,2025-12-24 19:00:00,16.962406
GUAMANI,2025-12-24 20:00:00,17.891235
GUAMANI,2025-12-24 21:00:00,17.275713
GUAMANI,2025-12-24 22:00:00,14.920031
GUAMANI,2025-12-24 23:00:00,14.299419
GUAMANI,2025-12-25 00:00:00,17.235033
GUAMANI,2025-12-25 01:00:00,13.936947
GUAMANI,2025-12-25 02:00:00,13.606798
GUAMANI,2025-12-25 03:00:00,13.348772
GUAMANI,2025-12-25 04:00:00,13.636551
GUAMANI,2025-12-25 05:00:00,15.2637415
GUAMANI,2025-12-25 06:00:00,19.980595
GUAMANI,2025-12-25 07:00:00,21.712286
GUAMANI,2025-12-25 08:00:00,20.613144
GUAMANI,2025-12-25 09:00:00,17.913288
GUAMANI,2025-12-25 10:00:00,16.502266
GUAMANI,2025-12-25 11:00:00,17.481018
GUAMANI,2025-12-25 12:00:00,18.420454
GUAMANI,2025-12-25 13:00:00,19.072966
GUAMANI,2025-12-25 14:00:00,17.886488
GUAMANI,2025-12-25 15:00:00,17.468369
GUAMANI,2025-12-25 16:00:00,17.10192
GUAMANI,2025-12-25 17:00:00,17.10854
GUAMANI,2025-12-25 18:00:00,17.239119
GUAMANI,2025-12-25 19:00:00,16.823942
GUAMANI,2025-12-25 20:00:00,18.119553
GUAMANI,2025-12-25 21:00:00,17.215788
GUAMANI,2025-12-25 22:00:00,14.87756
GUAMANI,2025-12-25 23:00:00,14.158911
GUAMANI,2025-12-26 00:00:00,17.469126
GUAMANI,2025-12-26 01:00:00,14.207121
GUAMANI,2025-12-26 02:00:00,13.563777
GUAMANI,2025-12-26 03:00:00,13.393811
GUAMANI,2025-12-26 04:00:00,13.96564
GUAMANI,2025-12-26 05:00:00,15.52854
GUAMANI,2025-12-26 06:00:00,20.192953
GUAMANI,2025-12-26 07:00:00,21.764399
GUAMANI,2025-12-26 08:00:00,20.957916
GUAMANI,2025-12-26 09:00:00,18.27817
GUAMANI,2025-12-26 10:00:00,16.723589
GUAMANI,2025-12-26 11:00:00,17.592962
GUAMANI,2025-12-26 12:00:00,18.678253
GUAMANI,2025-12-26 13:00:00,19.298235
GUAMANI,2025-12-26 14:00:00,18.770704
GUAMANI,2025-12-26 15:00:00,17.63607
GUAMANI,2025-12-26 16:00:00,17.45693
GUAMANI,2025-12-26 17:00:00,17.0127
GUAMANI,2025-12-26 18:00:00,17.455883
GUAMANI,2025-12-26 19:00:00,16.455173
GUAMANI,2025-12-26 20:00:00,17.69253
GUAMANI,2025-12-26 21:00:00,17.128292
GUAMANI,2025-12-26 22:00:00,15.083049
GUAMANI,2025-12-26 23:00:00,14.437928
GUAMANI,2025-12-27 00:00:00,17.236628
GUAMANI,2025-12-27 01:00:00,15.170408
GUAMANI,2025-12-27 02:00:00,13.866075
GUAMANI,2025-12-27 03:00:00,13.770069
GUAMANI,2025-12-27 04:00:00,14.569858
GUAMANI,2025-12-27 05:00:00,15.948516
GUAMANI,2025-12-27 06:00:00,18.597977
GUAMANI,2025-12-27 07:00:00,20.045547
GUAMANI,2025-12-27 08:00:00,19.069242
GUAMANI,2025-12-27 09:00:00,17.218355
GUAMANI,2025-12-27 10:00:00,16.561716
GUAMANI,2025-12-27 11:00:00,17.189129
GUAMANI,2025-12-27 12:00:00,18.293718
GUAMANI,2025-12-27 13:00:00,18.741566
GUAMANI,2025-12-27 14:00:00,18.171215
GUAMANI,2025-12-27 15:00:00,17.270313
GUAMANI,2025-12-27 16:00:00,16.764906
GUAMANI,2025-12-27 17:00:00,16.578745
GUAMANI,2025-12-27 18:00:00,16.94107
GUAMANI,2025-12-27 19:00:00,15.531855
GUAMANI,2025-12-27 20:00:00,16.854177
GUAMANI,2025-12-27 21:00:00,16.5301
GUAMANI,2025-12-27 22:00:00,14.304045
GUAMANI,2025-12-27 23:00:00,13.76979
GUAMANI,2025-12-28 00:00:00,16.85376
GUAMANI,2025-12-28 01:00:00,13.460687
GUAMANI,2025-12-28 02:00:00,13.863975
GUAMANI,2025-12-28 03:00:00,13.590459
GUAMANI,2025-12-28 04:00:00,13.742311
GUAMANI,2025-12-28 05:00:00,14.604487
GUAMANI,2025-12-28 06:00:00,17.338984
GUAMANI,2025-12-28 07:00:00,18.402061
GUAMANI,2025-12-28 08:00:00,17.13596
GUAMANI,2025-12-28 09:00:00,16.844656
GUAMANI,2025-12-28 10:00:00,15.426152
GUAMANI,2025-12-28 11:00:00,16.82427
GUAMANI,2025-12-28 12:00:00,18.058392
GUAMANI,2025-12-28 13:00:00,18.753115
GUAMANI,2025-12-28 14:00:00,18.463617
GUAMANI,2025-12-28 15:00:00,17.52223
GUAMANI,2025-12-28 16:00:00,16.720755
GUAMANI,2025-12-28 17:00:00,15.994332
GUAMANI,2025-12-28 18:00:00,16.473114
GUAMANI,2025-12-28 19:00:00,15.1932745
GUAMANI,2025-12-28 20:00:00,15.920607
GUAMANI,2025-12-28 21:00:00,15.729717
GUAMANI,2025-12-28 22:00:00,14.160962
GUAMANI,2025-12-28 23:00:00,13.127004
GUAMANI,2025-12-29 00:00:00,15.25295
GUAMANI,2025-12-29 01:00:00,12.585881
GUAMANI,2025-12-29 02:00:00,12.5748005
GUAMANI,2025-12-29 03:00:00,12.04485
GUAMANI,2025-12-29 04:00:00,12.167377
GUAMANI,2025-12-29 05:00:00,15.551294
GUAMANI,2025-12-29 06:00:00,21.108158
GUAMANI,2025-12-29 07:00:00,21.91313
GUAMANI,2025-12-29 08:00:00,19.131573
GUAMANI,2025-12-29 09:00:00,17.343275
GUAMANI,2025-12-29 10:00:00,15.520994
GUAMANI,2025-12-29 11:00:00,16.824966
GUAMANI,2025-12-29 12:00:00,18.090143
GUAMANI,2025-12-29 13:00:00,19.22914
GUAMANI,2025-12-29 14:00:00,18.958836
GUAMANI,2025-12-29 15:00:00,17.474855
GUAMANI,2025-12-29 16:00:00,16.712742
GUAMANI,2025-12-29 17:00:00,16.252245
GUAMANI,2025-12-29 18:00:00,16.45948
GUAMANI,2025-12-29 19:00:00,14.862201
GUAMANI,2025-12-29 20:00:00,15.535119
GUAMANI,2025-12-29 21:00:00,15.382432
GUAMANI,2025-12-29 22:00:00,14.166401
GUAMANI,2025-12-29 23:00:00,13.13747
GUAMANI,2025-12-30 00:00:00,15.169397
GUAMANI,2025-12-30 01:00:00,13.491509
GUAMANI,2025-12-30 02:00:00,12.209853
GUAMANI,2025-12-30 03:00:00,12.1170225
GUAMANI,2025-12-30 04:00:00,12.323595
GUAMANI,2025-12-30 05:00:00,15.443372
GUAMANI,2025-12-30 06:00:00,20.528692
GUAMANI,2025-12-30 07:00:00,21.430775
GUAMANI,2025-12-30 08:00:00,18.731956
GUAMANI,2025-12-30 09:00:00,16.847713
GUAMANI,2025-12-30 10:00:00,15.666102
GUAMANI,2025-12-30 11:00:00,16.94796
GUAMANI,2025-12-30 12:00:00,18.014591
GUAMANI,2025-12-30 13:00:00,18.945219
GUAMANI,2025-12-30 14:00:00,19.088013
GUAMANI,2025-12-30 15:00:00,17.731709
GUAMANI,2025-12-30 16:00:00,16.574245
GUAMANI,2025-12-30 17:00:00,15.764317
GUAMANI,2025-12-30 18:00:00,16.17892
GUAMANI,2025-12-30 19:00:00,14.616146
GUAMANI,2025-12-30 20:00:00,14.240403
GUAMANI,2025-12-30 21:00:00,13.753777
GUAMANI,2025-12-30 22:00:00,13.165107
GUAMANI,2025-12-30 23:00:00,11.572865
GUAMANI,2025-12-31 00:00:00,15.177343
GUAMANI,2025-12-31 01:00:00,12.416493
GUAMANI,2025-12-31 02:00:00,11.285104
GUAMANI,2025-12-31 03:00:00,11.3359375
GUAMANI,2025-12-31 04:00:00,11.765012
GUAMANI,2025-12-31 05:00:00,15.312285
GUAMANI,2025-12-31 06:00:00,20.65408
GUAMANI,2025-12-31 07:00:00,22.535662
GUAMANI,2025-12-31 08:00:00,20.349344
GUAMANI,2025-12-31 09:00:00,17.817245
GUAMANI,2025-12-31 10:00:00,16.178802
GUAMANI,2025-12-31 11:00:00,17.37066
GUAMANI,2025-12-31 12:00:00,18.095436
GUAMANI,2025-12-31 13:00:00,19.092737
GUAMANI,2025-12-31 14:00:00,19.232306
GUAMANI,2025-12-31 15:00:00,17.662928
GUAMANI,2025-12-31 16:00:00,16.564959
GUAMANI,2025-12-31 17:00:00,16.487242
GUAMANI,2025-12-31 18:00:00,16.307976
GUAMANI,2025-12-31 19:00:00,14.953353
GUAMANI,2025-12-31 20:00:00,14.496556
GUAMANI,2025-12-31 21:00:00,13.901233
GUAMANI,2025-12-31 22:00:00,13.315593
GUAMANI,2025-12-31 23:00:00,11.495981
LOS CHILLOS,2025-12-22 00:00:00,13.252618
LOS CHILLOS,2025-12-22 01:00:00,12.186693
LOS CHILLOS,2025-12-22 02:00:00,11.977071
LOS CHILLOS,2025-12-22 03:00:00,11.892075
LOS CHILLOS,2025-12-22 04:00:00,11.283911
LOS CHILLOS,2025-12-22 05:00:00,14.475777
LOS CHILLOS,2025-12-22 06:00:00,18.152452
LOS CHILLOS,2025-12-22 07:00:00,19.535065
LOS CHILLOS,2025-12-22 08:00:00,19.023586
LOS CHILLOS,2025-12-22 09:00:00,16.924164
LOS CHILLOS,2025-12-22 10:00:00,15.819815
LOS CHILLOS,2025-12-22 11:00:00,14.419695
LOS CHILLOS,2025-12-22 12:00:00,13.529701
LOS CHILLOS,2025-12-22 13:00:00,14.489437
LOS CHILLOS,2025-12-22 14:00:00,14.165043
LOS CHILLOS,2025-12-22 15:00:00,14.8614235
LOS CHILLOS,2025-12-22 16:00:00,15.002895
LOS CHILLOS,2025-12-22 17:00:00,15.224293
LOS CHILLOS,2025-12-22 18:00:00,15.51713
LOS CHILLOS,2025-12-22 19:00:00,14.034004
LOS CHILLOS,2025-12-22 20:00:00,13.535802
LOS CHILLOS,2025-12-22 21:00:00,12.613501
LOS CHILLOS,2025-12-22 22:00:00,11.354924
LOS CHILLOS,2025-12-22 23:00:00,10.289203
LOS CHILLOS,2025-12-23 00:00:00,13.006399
LOS CHILLOS,2025-12-23 01:00:00,11.890203
LOS CHILLOS,2025-12-23 02:00:00,11.643728
LOS CHILLOS,2025-12-23 03:00:00,11.571487
LOS CHILLOS,2025-12-23 04:00:00,11.219246
LOS CHILLOS,2025-12-23 05:00:00,14.50166
LOS CHILLOS,2025-12-23 06:00:00,17.581001
LOS CHILLOS,2025-12-23 07:00:00,19.676352
LOS CHILLOS,2025-12-23 08:00:00,18.281565
LOS CHILLOS,2025-12-23 09:00:00,17.018099
LOS CHILLOS,2025-12-23 10:00:00,16.141071
LOS CHILLOS,2025-12-23 11:00:00,15.360082
LOS CHILLOS,2025-12-23 12:00:00,14.1651945
LOS CHILLOS,2025-12-23 13:00:00,14.775507
LOS CHILLOS,2025-12-23 14:00:00,14.091607
LOS CHILLOS,2025-12-23 15:00:00,14.685594
LOS CHILLOS,2025-12-23 16:00:00,14.812998
LOS CHILLOS,2025-12-23 17:00:00,15.010584
LOS CHILLOS,2025-12-23 18:00:00,14.911493
LOS CHILLOS,2025-12-23 19:00:00,13.941567
LOS CHILLOS,2025-12-23 20:00:00,13.149426
LOS CHILLOS,2025-12-23 21:00:00,12.384364
LOS CHILLOS,2025-12-23 22:00:00,11.006829
LOS CHILLOS,2025-12-23 23:00:00,9.86903
LOS CHILLOS,2025-12-24 00:00:00,12.950066
LOS CHILLOS,2025-12-24 01:00:00,11.754918
LOS CHILLOS,2025-12-24 02:00:00,11.654292
LOS CHILLOS,2025-12-24 03:00:00,11.367512
LOS CHILLOS,2025-12-24 04:00:00,10.632366
LOS CHILLOS,2025-12-24 05:00:00,14.319483
LOS CHILLOS,2025-12-24 06:00:00,18.73562
LOS CHILLOS,2025-12-24 07:00:00,19.397657
LOS CHILLOS,2025-12-24 08:00:00,18.591118
LOS CHILLOS,2025-12-24 09:00:00,17.344114
LOS CHILLOS,2025-12-24 10:00:00,16.174683
LOS CHILLOS,2025-12-24 11:00:00,15.284151
LOS CHILLOS,2025-12-24 12:00:00,14.336344
LOS CHILLOS,2025-12-24 13:00:00,14.80004
LOS CHILLOS,2025-12-24 14:00:00,14.135613
LOS CHILLOS,2025-12-24 15:00:00,14.794885
LOS CHILLOS,2025-12-24 16:00:00,14.72747
LOS CHILLOS,2025-12-24 17:00:00,15.038208
LOS CHILLOS,2025-12-24 18:00:00,14.974418
LOS CHILLOS,2025-12-24 19:00:00,14.120551
LOS CHILLOS,2025-12-24 20:00:00,13.372679
LOS CHILLOS,2025-12-24 21:00:00,12.021888
LOS CHILLOS,2025-12-24 22:00:00,10.554623
LOS CHILLOS,2025-12-24 23:00:00,9.987419
LOS CHILLOS,2025-12-25 00:00:00,12.57214
LOS CHILLOS,2025-12-25 01:00:00,11.452096
LOS CHILLOS,2025-12-25 02:00:00,11.102152
LOS CHILLOS,2025-12-25 03:00:00,10.9734335
LOS CHILLOS,2025-12-25 04:00:00,10.369618
LOS CHILLOS,2025-12-25 05:00:00,14.385064
LOS CHILLOS,2025-12-25 06:00:00,18.421423
LOS CHILLOS,2025-12-25 07:00:00,20.063564
LOS CHILLOS,2025-12-25 08:00:00,19.267847
LOS CHILLOS,2025-12-25 09:00:00,17.693909
LOS CHILLOS,2025-12-25 10:00:00,16.411764
LOS CHILLOS,2025-12-25 11:00:00,15.427086
LOS CHILLOS,2025-12-25 12:00:00,14.474484
LOS CHILLOS,2025-12-25 13:00:00,14.717403
LOS CHILLOS,2025-12-25 14:00:00,14.202129
LOS CHILLOS,2025-12-25 15:00:00,14.657224
LOS CHILLOS,2025-12-25 16:00:00,14.643237
LOS CHILLOS,2025-12-25 17:00:00,14.944184
LOS CHILLOS,2025-12-25 18:00:00,15.016889
LOS CHILLOS,2025-12-25 19:00:00,14.120551
LOS CHILLOS,2025-12-25 20:00:00,12.78695
LOS CHILLOS,2025-12-25 21:00:00,11.671819
LOS CHILLOS,2025-12-25 22:00:00,10.194529
LOS CHILLOS,2025-12-25 23:00:00,9.357715
LOS CHILLOS,2025-12-26 00:00:00,11.886797
LOS CHILLOS,2025-12-26 01:00:00,11.130749
LOS CHILLOS,2025-12-26 02:00:00,10.536693
LOS CHILLOS,2025-12-26 03:00:00,9.725849
LOS CHILLOS,2025-12-26 04:00:00,10.5086565
LOS CHILLOS,2025-12-26 05:00:00,14.082592
LOS CHILLOS,2025-12-26 06:00:00,18.37949
LOS CHILLOS,2025-12-26 07:00:00,20.361076
LOS CHILLOS,2025-12-26 08:00:00,19.25576
LOS CHILLOS,2025-12-26 09:00:00,17.611774
LOS CHILLOS,2025-12-26 10:00:00,16.606855
LOS CHILLOS,2025-12-26 11:00:00,15.452137
LOS CHILLOS,2025-12-26 12:00:00,14.719275
LOS CHILLOS,2025-12-26 13:00:00,14.845248
LOS CHILLOS,2025-12-26 14:00:00,14.329308
LOS CHILLOS,2025-12-26 15:00:00,14.817184
LOS CHILLOS,2025-12-26 16:00:00,14.712453
LOS CHILLOS,2025-12-26 17:00:00,15.033735
LOS CHILLOS,2025-12-26 18:00:00,15.0907545
LOS CHILLOS,2025-12-26 19:00:00,14.329929
LOS CHILLOS,2025-12-26 20:00:00,13.60207
LOS CHILLOS,2025-12-26 21:00:00,12.260295
LOS CHILLOS,2025-12-26 22:00:00,10.75492
LOS CHILLOS,2025-12-26 23:00:00,10.038505
LOS CHILLOS,2025-12-27 00:00:00,12.619531
LOS CHILLOS,2025-12-27 01:00:00,11.308795
LOS CHILLOS,2025-12-27 02:00:00,10.968168
LOS CHILLOS,2025-12-27 03:00:00,10.2618
LOS CHILLOS,2025-12-27 04:00:00,10.340279
LOS CHILLOS,2025-12-27 05:00:00,12.702968
LOS CHILLOS,2025-12-27 06:00:00,14.064568
LOS CHILLOS,2025-12-27 07:00:00,15.625565
LOS CHILLOS,2025-12-27 08:00:00,16.363829
LOS CHILLOS,2025-12-27 09:00:00,17.661253
LOS CHILLOS,2025-12-27 10:00:00,15.606137
LOS CHILLOS,2025-12-27 11:00:00,14.63795
LOS CHILLOS,2025-12-27 12:00:00,13.805172
LOS CHILLOS,2025-12-27 13:00:00,14.358911
LOS CHILLOS,2025-12-27 14:00:00,13.851617
LOS CHILLOS,2025-12-27 15:00:00,14.230993
LOS CHILLOS,2025-12-27 16:00:00,14.212931
LOS CHILLOS,2025-12-27 17:00:00,14.390701
LOS CHILLOS,2025-12-27 18:00:00,14.362114
LOS CHILLOS,2025-12-27 19:00:00,13.394187
LOS CHILLOS,2025-12-27 20:00:00,11.873534
LOS CHILLOS,2025-12-27 21:00:00,10.493774
LOS CHILLOS,2025-12-27 22:00:00,9.629524
LOS CHILLOS,2025-12-27 23:00:00,9.26995
LOS CHILLOS,2025-12-28 00:00:00,11.999282
LOS CHILLOS,2025-12-28 01:00:00,11.381295
LOS CHILLOS,2025-12-28 02:00:00,10.112835
LOS CHILLOS,2025-12-28 03:00:00,9.540869
LOS CHILLOS,2025-12-28 04:00:00,9.784324
LOS CHILLOS,2025-12-28 05:00:00,10.952315
LOS CHILLOS,2025-12-28 06:00:00,12.497799
LOS CHILLOS,2025-12-28 07:00:00,12.435148
LOS CHILLOS,2025-12-28 08:00:00,13.459157
LOS CHILLOS,2025-12-28 09:00:00,15.316022
LOS CHILLOS,2025-12-28 10:00:00,15.3914585
LOS CHILLOS,2025-12-28 11:00:00,14.384326
LOS CHILLOS,2025-12-28 12:00:00,14.152914
LOS CHILLOS,2025-12-28 13:00:00,14.262839
LOS CHILLOS,2025-12-28 14:00:00,13.744366
LOS CHILLOS,2025-12-28 15:00:00,14.340212
LOS CHILLOS,2025-12-28 16:00:00,14.203524
LOS CHILLOS,2025-12-28 17:00:00,14.285415
LOS CHILLOS,2025-12-28 18:00:00,14.296719
LOS CHILLOS,2025-12-28 19:00:00,12.746689
LOS CHILLOS,2025-12-28 20:00:00,11.831002
LOS CHILLOS,2025-12-28 21:00:00,10.361408
LOS CHILLOS,2025-12-28 22:00:00,9.071685
LOS CHILLOS,2025-12-28 23:00:00,8.483072
LOS CHILLOS,2025-12-29 00:00:00,11.60174
LOS CHILLOS,2025-12-29 01:00:00,10.821453
LOS CHILLOS,2025-12-29 02:00:00,10.000955
LOS CHILLOS,2025-12-29 03:00:00,9.539848
LOS CHILLOS,2025-12-29 04:00:00,10.380807
LOS CHILLOS,2025-12-29 05:00:00,12.453874
LOS CHILLOS,2025-12-29 06:00:00,16.310709
LOS CHILLOS,2025-12-29 07:00:00,18.35854
LOS CHILLOS,2025-12-29 08:00:00,17.202486
LOS CHILLOS,2025-12-29 09:00:00,16.71635
LOS CHILLOS,2025-12-29 10:00:00,14.804631
LOS CHILLOS,2025-12-29 11:00:00,14.938751
LOS CHILLOS,2025-12-29 12:00:00,13.822877
LOS CHILLOS,2025-12-29 13:00:00,14.033133
LOS CHILLOS,2025-12-29 14:00:00,13.554871
LOS CHILLOS,2025-12-29 15:00:00,13.900685
LOS CHILLOS,2025-12-29 16:00:00,14.674293
LOS CHILLOS,2025-12-29 17:00:00,14.628689
LOS CHILLOS,2025-12-29 18:00:00,14.430799
LOS CHILLOS,2025-12-29 19:00:00,13.514055
LOS CHILLOS,2025-12-29 20:00:00,11.624507
LOS CHILLOS,2025-12-29 21:00:00,10.077012
LOS CHILLOS,2025-12-29 22:00:00,9.687674
LOS CHILLOS,2025-12-29 23:00:00,9.150277
LOS CHILLOS,2025-12-30 00:00:00,11.464462
LOS CHILLOS,2025-12-30 01:00:00,10.755685
LOS CHILLOS,2025-12-30 02:00:00,10.0379305
LOS CHILLOS,2025-12-30 03:00:00,10.1227255
LOS CHILLOS,2025-12-30 04:00:00,10.0783825
LOS CHILLOS,2025-12-30 05:00:00,12.507975
LOS CHILLOS,2025-12-30 06:00:00,16.565996
LOS CHILLOS,2025-12-30 07:00:00,17.871067
LOS CHILLOS,2025-12-30 08:00:00,16.980333
LOS CHILLOS,2025-12-30 09:00:00,16.835222
LOS CHILLOS,2025-12-30 10:00:00,15.557006
LOS CHILLOS,2025-12-30 11:00:00,15.111487
LOS CHILLOS,2025-12-30 12:00:00,13.785229
LOS CHILLOS,2025-12-30 13:00:00,14.289554
LOS CHILLOS,2025-12-30 14:00:00,13.656399
LOS CHILLOS,2025-12-30 15:00:00,13.356304
LOS CHILLOS,2025-12-30 16:00:00,13.817105
LOS CHILLOS,2025-12-30 17:00:00,14.478003
LOS CHILLOS,2025-12-30 18:00:00,14.213611
LOS CHILLOS,2025-12-30 19:00:00,12.338103
LOS CHILLOS,2025-12-30 20:00:00,10.756072
LOS CHILLOS,2025-12-30 21:00:00,9.515303
LOS CHILLOS,2025-12-30 22:00:00,9.081578
LOS CHILLOS,2025-12-30 23:00:00,8.854284
LOS CHILLOS,2025-12-31 00:00:00,11.372153
LOS CHILLOS,2025-12-31 01:00:00,10.7443
LOS CHILLOS,2025-12-31 02:00:00,9.9453335
LOS CHILLOS,2025-12-31 03:00:00,10.175108
LOS CHILLOS,2025-12-31 04:00:00,10.041121
LOS CHILLOS,2025-12-31 05:00:00,12.425447
LOS CHILLOS,2025-12-31 06:00:00,16.8393
LOS CHILLOS,2025-12-31 07:00:00,17.8227
LOS CHILLOS,2025-12-31 08:00:00,17.308016
LOS CHILLOS,2025-12-31 09:00:00,16.955896
LOS CHILLOS,2025-12-31 10:00:00,15.72549
LOS CHILLOS,2025-12-31 11:00:00,15.178492
LOS CHILLOS,2025-12-31 12:00:00,14.13241
LOS CHILLOS,2025-12-31 13:00:00,14.318391
LOS CHILLOS,2025-12-31 14:00:00,13.558531
LOS CHILLOS,2025-12-31 15:00:00,13.484148
LOS CHILLOS,2025-12-31 16:00:00,13.685003
LOS CHILLOS,2025-12-31 17:00:00,14.232544
LOS CHILLOS,2025-12-31 18:00:00,14.629321
LOS CHILLOS,2025-12-31 19:00:00,13.729559
LOS CHILLOS,2025-12-31 20:00:00,11.935813
LOS CHILLOS,2025-12-31 21:00:00,10.328372
LOS CHILLOS,2025-12-31 22:00:00,9.341317
LOS CHILLOS,2025-12-31 23:00:00,8.96144
SAN ANTONIO,2025-12-22 00:00:00,6.7871203
SAN ANTONIO,2025-12-22 01:00:00,7.05168
SAN ANTONIO,2025-12-22 02:00:00,6.8853583
SAN ANTONIO,2025-12-22 03:00:00,6.719552
SAN ANTONIO,2025-12-22 04:00:00,7.967819
SAN ANTONIO,2025-12-22 05:00:00,9.777712
SAN ANTONIO,2025-12-22 06:00:00,14.815111
SAN ANTONIO,2025-12-22 07:00:00,16.24139
SAN ANTONIO,2025-12-22 08:00:00,16.348808
SAN ANTONIO,2025-12-22 09:00:00,14.677054
SAN ANTONIO,2025-12-22 10:00:00,14.496812
SAN ANTONIO,2025-12-22 11:00:00,15.385383
SAN ANTONIO,2025-12-22 12:00:00,14.611968
SAN ANTONIO,2025-12-22 13:00:00,13.619405
SAN ANTONIO,2025-12-22 14:00:00,13.682247
SAN ANTONIO,2025-12-22 15:00:00,12.719117
SAN ANTONIO,2025-12-22 16:00:00,13.667292
SAN ANTONIO,2025-12-22 17:00:00,12.626475
SAN ANTONIO,2025-12-22 18:00:00,12.174908
SAN ANTONIO,2025-12-22 19:00:00,10.625805
SAN ANTONIO,2025-12-22 20:00:00,9.615469
SAN ANTONIO,2025-12-22 21:00:00,9.364267
SAN ANTONIO,2025-12-22 22:00:00,8.507336
SAN ANTONIO,2025-12-22 23:00:00,7.843463
SAN ANTONIO,2025-12-23 00:00:00,8.819597
SAN ANTONIO,2025-12-23 01:00:00,8.777618
SAN ANTONIO,2025-12-23 02:00:00,8.452673
SAN ANTONIO,2025-12-23 03:00:00,7.90498
SAN ANTONIO,2025-12-23 04:00:00,7.951698
SAN ANTONIO,2025-12-23 05:00:00,10.432215
SAN ANTONIO,2025-12-23 06:00:00,15.592502
SAN ANTONIO,2025-12-23 07:00:00,17.624815
SAN ANTONIO,2025-12-23 08:00:00,17.303226
SAN ANTONIO,2025-12-23 09:00:00,15.240872
SAN ANTONIO,2025-12-23 10:00:00,14.755268
SAN ANTONIO,2025-12-23 11:00:00,15.036702
SAN ANTONIO,2025-12-23 12:00:00,14.484935
SAN ANTONIO,2025-12-23 13:00:00,13.379238
SAN ANTONIO,2025-12-23 14:00:00,13.093353
SAN ANTONIO,2025-12-23 15:00:00,12.210694
SAN ANTONIO,2025-12-23 16:00:00,13.169784
SAN ANTONIO,2025-12-23 17:00:00,12.652049
SAN ANTONIO,2025-12-23 18:00:00,11.963612
SAN ANTONIO,2025-12-23 19:00:00,10.527073
SAN ANTONIO,2025-12-23 20:00:00,9.467382
SAN ANTONIO,2025-12-23 21:00:00,9.30888
SAN ANTONIO,2025-12-23 22:00:00,8.638769
SAN ANTONIO,2025-12-23 23:00:00,8.062542
SAN ANTONIO,2025-12-24 00:00:00,9.871305
SAN ANTONIO,2025-12-24 01:00:00,9.593723
SAN ANTONIO,2025-12-24 02:00:00,8.951665
SAN ANTONIO,2025-12-24 03:00:00,8.106898
SAN ANTONIO,2025-12-24 04:00:00,8.577852
SAN ANTONIO,2025-12-24 05:00:00,10.441861
SAN ANTONIO,2025-12-24 06:00:00,15.9230385
SAN ANTONIO,2025-12-24 07:00:00,16.822779
SAN ANTONIO,2025-12-24 08:00:00,16.390774
SAN ANTONIO,2025-12-24 09:00:00,14.98914
SAN ANTONIO,2025-12-24 10:00:00,14.900967
SAN ANTONIO,2025-12-24 11:00:00,15.047818
SAN ANTONIO,2025-12-24 12:00:00,14.465497
SAN ANTONIO,2025-12-24 13:00:00,13.498977
SAN ANTONIO,2025-12-24 14:00:00,13.088927
SAN ANTONIO,2025-12-24 15:00:00,12.171641
SAN ANTONIO,2025-12-24 16:00:00,13.027598
SAN ANTONIO,2025-12-24 17:00:00,12.074234
SAN ANTONIO,2025-12-24 18:00:00,12.103507
SAN ANTONIO,2025-12-24 19:00:00,10.858427
SAN ANTONIO,2025-12-24 20:00:00,9.711518
SAN ANTONIO,2025-12-24 21:00:00,9.424976
SAN ANTONIO,2025-12-24 22:00:00,8.531447
SAN ANTONIO,2025-12-24 23:00:00,8.1118145
SAN ANTONIO,2025-12-25 00:00:00,10.071146
SAN ANTONIO,2025-12-25 01:00:00,9.718718
SAN ANTONIO,2025-12-25 02:00:00,8.655784
SAN ANTONIO,2025-12-25 03:00:00,8.353697
SAN ANTONIO,2025-12-25 04:00:00,8.945214
SAN ANTONIO,2025-12-25 05:00:00,11.029011
SAN ANTONIO,2025-12-25 06:00:00,15.675967
SAN ANTONIO,2025-12-25 07:00:00,16.705576
SAN ANTONIO,2025-12-25 08:00:00,17.398678
SAN ANTONIO,2025-12-25 09:00:00,15.653431
SAN ANTONIO,2025-12-25 10:00:00,14.88113
SAN ANTONIO,2025-12-25 11:00:00,15.075703
SAN ANTONIO,2025-12-25 12:00:00,14.465497
SAN ANTONIO,2025-12-25 13:00:00,13.496279
SAN ANTONIO,2025-12-25 14:00:00,12.547467
SAN ANTONIO,2025-12-25 15:00:00,11.821572
SAN ANTONIO,2025-12-25 16:00:00,12.125872
SAN ANTONIO,2025-12-25 17:00:00,12.279882
SAN ANTONIO,2025-12-25 18:00:00,12.4715395
SAN ANTONIO,2025-12-25 19:00:00,11.216341
SAN ANTONIO,2025-12-25 20:00:00,10.026723
SAN ANTONIO,2025-12-25 21:00:00,9.427517
SAN ANTONIO,2025-12-25 22:00:00,8.602667
SAN ANTONIO,2025-12-25 23:00:00,8.486735
SAN ANTONIO,2025-12-26 00:00:00,10.135448
SAN ANTONIO,2025-12-26 01:00:00,9.78302
SAN ANTONIO,2025-12-26 02:00:00,8.612002
SAN ANTONIO,2025-12-26 03:00:00,8.501371
SAN ANTONIO,2025-12-26 04:00:00,9.253032
SAN ANTONIO,2025-12-26 05:00:00,11.713524
SAN ANTONIO,2025-12-26 06:00:00,15.779934
SAN ANTONIO,2025-12-26 07:00:00,17.912903
SAN ANTONIO,2025-12-26 08:00:00,16.755512
SAN ANTONIO,2025-12-26 09:00:00,15.276523
SAN ANTONIO,2025-12-26 10:00:00,15.049116
SAN ANTONIO,2025-12-26 11:00:00,15.172819
SAN ANTONIO,2025-12-26 12:00:00,14.5626135
SAN ANTONIO,2025-12-26 13:00:00,13.592938
SAN ANTONIO,2025-12-26 14:00:00,12.458661
SAN ANTONIO,2025-12-26 15:00:00,11.918232
SAN ANTONIO,2025-12-26 16:00:00,11.727482
SAN ANTONIO,2025-12-26 17:00:00,12.122116
SAN ANTONIO,2025-12-26 18:00:00,12.589488
SAN ANTONIO,2025-12-26 19:00:00,11.425719
SAN ANTONIO,2025-12-26 20:00:00,10.236101
SAN ANTONIO,2025-12-26 21:00:00,9.636895
SAN ANTONIO,2025-12-26 22:00:00,9.258878
SAN ANTONIO,2025-12-26 23:00:00,8.849597
SAN ANTONIO,2025-12-27 00:00:00,10.606373
SAN ANTONIO,2025-12-27 01:00:00,9.831348
SAN ANTONIO,2025-12-27 02:00:00,9.351589
SAN ANTONIO,2025-12-27 03:00:00,8.46585
SAN ANTONIO,2025-12-27 04:00:00,9.355085
SAN ANTONIO,2025-12-27 05:00:00,10.803149
SAN ANTONIO,2025-12-27 06:00:00,13.426842
SAN ANTONIO,2025-12-27 07:00:00,14.000939
SAN ANTONIO,2025-12-27 08:00:00,15.749894
SAN ANTONIO,2025-12-27 09:00:00,14.711962
SAN ANTONIO,2025-12-27 10:00:00,15.114169
SAN ANTONIO,2025-12-27 11:00:00,14.862573
SAN ANTONIO,2025-12-27 12:00:00,14.105149
SAN ANTONIO,2025-12-27 13:00:00,13.271165
SAN ANTONIO,2025-12-27 14:00:00,12.32461
SAN ANTONIO,2025-12-27 15:00:00,11.373628
SAN ANTONIO,2025-12-27 16:00:00,11.784889
SAN ANTONIO,2025-12-27 17:00:00,11.882397
SAN ANTONIO,2025-12-27 18:00:00,11.7184725
SAN ANTONIO,2025-12-27 19:00:00,11.159692
SAN ANTONIO,2025-12-27 20:00:00,10.228389
SAN ANTONIO,2025-12-27 21:00:00,9.528217
SAN ANTONIO,2025-12-27 22:00:00,9.102004
SAN ANTONIO,2025-12-27 23:00:00,8.600185
SAN ANTONIO,2025-12-28 00:00:00,10.584715
SAN ANTONIO,2025-12-28 01:00:00,9.818648
SAN ANTONIO,2025-12-28 02:00:00,9.248444
SAN ANTONIO,2025-12-28 03:00:00,8.251965
SAN ANTONIO,2025-12-28 04:00:00,8.653056
SAN ANTONIO,2025-12-28 05:00:00,10.104584
SAN ANTONIO,2025-12-28 06:00:00,11.642943
SAN ANTONIO,2025-12-28 07:00:00,12.063748
SAN ANTONIO,2025-12-28 08:00:00,13.504105
SAN ANTONIO,2025-12-28 09:00:00,14.017228
SAN ANTONIO,2025-12-28 10:00:00,14.371956
SAN ANTONIO,2025-12-28 11:00:00,14.572086
SAN ANTONIO,2025-12-28 12:00:00,14.133029
SAN ANTONIO,2025-12-28 13:00:00,13.321202
SAN ANTONIO,2025-12-28 14:00:00,12.380885
SAN ANTONIO,2025-12-28 15:00:00,11.849537
SAN ANTONIO,2025-12-28 16:00:00,11.276008
SAN ANTONIO,2025-12-28 17:00:00,11.752341
SAN ANTONIO,2025-12-28 18:00:00,11.49395
SAN ANTONIO,2025-12-28 19:00:00,10.129887
SAN ANTONIO,2025-12-28 20:00:00,9.122374
SAN ANTONIO,2025-12-28 21:00:00,8.119965
SAN ANTONIO,2025-12-28 22:00:00,8.292479
SAN ANTONIO,2025-12-28 23:00:00,8.066383
SAN ANTONIO,2025-12-29 00:00:00,10.345028
SAN ANTONIO,2025-12-29 01:00:00,9.171496
SAN ANTONIO,2025-12-29 02:00:00,8.152749
SAN ANTONIO,2025-12-29 03:00:00,8.256884
SAN ANTONIO,2025-12-29 04:00:00,8.857699
SAN ANTONIO,2025-12-29 05:00:00,10.614001
SAN ANTONIO,2025-12-29 06:00:00,14.8549185
SAN ANTONIO,2025-12-29 07:00:00,15.907847
SAN ANTONIO,2025-12-29 08:00:00,16.233305
SAN ANTONIO,2025-12-29 09:00:00,15.150396
SAN ANTONIO,2025-12-29 10:00:00,14.962658
SAN ANTONIO,2025-12-29 11:00:00,15.212013
SAN ANTONIO,2025-12-29 12:00:00,14.057322
SAN ANTONIO,2025-12-29 13:00:00,13.67509
SAN ANTONIO,2025-12-29 14:00:00,12.438703
SAN ANTONIO,2025-12-29 15:00:00,11.711839
SAN ANTONIO,2025-12-29 16:00:00,10.888987
SAN ANTONIO,2025-12-29 17:00:00,12.28869
SAN ANTONIO,2025-12-29 18:00:00,11.93314
SAN ANTONIO,2025-12-29 19:00:00,10.494637
SAN ANTONIO,2025-12-29 20:00:00,10.078195
SAN ANTONIO,2025-12-29 21:00:00,9.658364
SAN ANTONIO,2025-12-29 22:00:00,9.092221
SAN ANTONIO,2025-12-29 23:00:00,8.530836
SAN ANTONIO,2025-12-30 00:00:00,10.312274
SAN ANTONIO,2025-12-30 01:00:00,9.093047
SAN ANTONIO,2025-12-30 02:00:00,7.9572253
SAN ANTONIO,2025-12-30 03:00:00,8.017599
SAN ANTONIO,2025-12-30 04:00:00,8.427202
SAN ANTONIO,2025-12-30 05:00:00,11.11778
SAN ANTONIO,2025-12-30 06:00:00,16.359274
SAN ANTONIO,2025-12-30 07:00:00,18.357819
SAN ANTONIO,2025-12-30 08:00:00,17.518105
SAN ANTONIO,2025-12-30 09:00:00,15.435086
SAN ANTONIO,2025-12-30 10:00:00,15.050844
SAN ANTONIO,2025-12-30 11:00:00,15.064587
SAN ANTONIO,2025-12-30 12:00:00,14.019673
SAN ANTONIO,2025-12-30 13:00:00,13.376945
SAN ANTONIO,2025-12-30 14:00:00,12.210694
SAN ANTONIO,2025-12-30 15:00:00,11.71639
SAN ANTONIO,2025-12-30 16:00:00,10.981713
SAN ANTONIO,2025-12-30 17:00:00,11.860332
SAN ANTONIO,2025-12-30 18:00:00,11.339336
SAN ANTONIO,2025-12-30 19:00:00,10.356003
SAN ANTONIO,2025-12-30 20:00:00,9.286482
SAN ANTONIO,2025-12-30 21:00:00,8.308766
SAN ANTONIO,2025-12-30 22:00:00,8.354384
SAN ANTONIO,2025-12-30 23:00:00,7.9831333
SAN ANTONIO,2025-12-31 00:00:00,9.92132
SAN ANTONIO,2025-12-31 01:00:00,9.784018
SAN ANTONIO,2025-12-31 02:00:00,8.135882
SAN ANTONIO,2025-12-31 03:00:00,8.089426
SAN ANTONIO,2025-12-31 04:00:00,8.54352
SAN ANTONIO,2025-12-31 05:00:00,11.329926
SAN ANTONIO,2025-12-31 06:00:00,16.380615
SAN ANTONIO,2025-12-31 07:00:00,16.803972
SAN ANTONIO,2025-12-31 08:00:00,16.377558
SAN ANTONIO,2025-12-31 09:00:00,14.946767
SAN ANTONIO,2025-12-31 10:00:00,15.221052
SAN ANTONIO,2025-12-31 11:00:00,15.075703
SAN ANTONIO,2025-12-31 12:00:00,14.000236
SAN ANTONIO,2025-12-31 13:00:00,13.581614
SAN ANTONIO,2025-12-31 14:00:00,12.171641
SAN ANTONIO,2025-12-31 15:00:00,11.490461
SAN ANTONIO,2025-12-31 16:00:00,10.94266
SAN ANTONIO,2025-12-31 17:00:00,12.244383
SAN ANTONIO,2025-12-31 18:00:00,12.25896
SAN ANTONIO,2025-12-31 19:00:00,11.145122
SAN ANTONIO,2025-12-31 20:00:00,10.242199
SAN ANTONIO,2025-12-31 21:00:00,9.446157
SAN ANTONIO,2025-12-31 22:00:00,8.491841
SAN ANTONIO,2025-12-31 23:00:00,8.318629
TUMBACO,2025-12-22 00:00:00,5.3878236
TUMBACO,2025-12-22 01:00:00,5.604668
TUMBACO,2025-12-22 02:00:00,5.170543
TUMBACO,2025-12-22 03:00:00,6.36658
TUMBACO,2025-12-22 04:00:00,7.320861
TUMBACO,2025-12-22 05:00:00,9.321739
TUMBACO,2025-12-22 06:00:00,12.405689
TUMBACO,2025-12-22 07:00:00,12.738884
TUMBACO,2025-12-22 08:00:00,11.935645
TUMBACO,2025-12-22 09:00:00,11.665881
TUMBACO,2025-12-22 10:00:00,11.035175
TUMBACO,2025-12-22 11:00:00,9.477215
TUMBACO,2025-12-22 12:00:00,7.9644127
TUMBACO,2025-12-22 13:00:00,6.6577907
TUMBACO,2025-12-22 14:00:00,6.868392
TUMBACO,2025-12-22 15:00:00,8.193279
TUMBACO,2025-12-22 16:00:00,10.498281
TUMBACO,2025-12-22 17:00:00,11.554899
TUMBACO,2025-12-22 18:00:00,11.595636
TUMBACO,2025-12-22 19:00:00,10.064231
TUMBACO,2025-12-22 20:00:00,9.547262
TUMBACO,2025-12-22 21:00:00,8.64255
TUMBACO,2025-12-22 22:00:00,7.6639543
TUMBACO,2025-12-22 23:00:00,6.298386
TUMBACO,2025-12-23 00:00:00,6.6325665
TUMBACO,2025-12-23 01:00:00,7.4058614
TUMBACO,2025-12-23 02:00:00,6.3972707
TUMBACO,2025-12-23 03:00:00,6.0818663
TUMBACO,2025-12-23 04:00:00,7.6034327
TUMBACO,2025-12-23 05:00:00,9.390286
TUMBACO,2025-12-23 06:00:00,13.416686
TUMBACO,2025-12-23 07:00:00,12.790497
TUMBACO,2025-12-23 08:00:00,13.560263
TUMBACO,2025-12-23 09:00:00,11.455362
TUMBACO,2025-12-23 10:00:00,11.761413
TUMBACO,2025-12-23 11:00:00,9.319216
TUMBACO,2025-12-23 12:00:00,8.401209
TUMBACO,2025-12-23 13:00:00,8.342551
TUMBACO,2025-12-23 14:00:00,8.16825
TUMBACO,2025-12-23 15:00:00,9.028287
TUMBACO,2025-12-23 16:00:00,10.832342
TUMBACO,2025-12-23 17:00:00,10.844541
TUMBACO,2025-12-23 18:00:00,10.843075
TUMBACO,2025-12-23 19:00:00,9.217483
TUMBACO,2025-12-23 20:00:00,8.025241
TUMBACO,2025-12-23 21:00:00,7.7903194
TUMBACO,2025-12-23 22:00:00,7.209641
TUMBACO,2025-12-23 23:00:00,6.2421603
TUMBACO,2025-12-24 00:00:00,7.2019334
TUMBACO,2025-12-24 01:00:00,7.767901
TUMBACO,2025-12-24 02:00:00,7.5572515
TUMBACO,2025-12-24 03:00:00,6.9747105
TUMBACO,2025-12-24 04:00:00,8.972956
TUMBACO,2025-12-24 05:00:00,10.623761
TUMBACO,2025-12-24 06:00:00,15.514582
TUMBACO,2025-12-24 07:00:00,16.089445
TUMBACO,2025-12-24 08:00:00,16.13725
TUMBACO,2025-12-24 09:00:00,13.845214
TUMBACO,2025-12-24 10:00:00,12.15539
TUMBACO,2025-12-24 11:00:00,9.786709
TUMBACO,2025-12-24 12:00:00,8.671742
TUMBACO,2025-12-24 13:00:00,7.8782153
TUMBACO,2025-12-24 14:00:00,8.565542
TUMBACO,2025-12-24 15:00:00,9.621098
TUMBACO,2025-12-24 16:00:00,11.300828
TUMBACO,2025-12-24 17:00:00,9.964235
TUMBACO,2025-12-24 18:00:00,11.199523
TUMBACO,2025-12-24 19:00:00,9.689923
TUMBACO,2025-12-24 20:00:00,8.777174
TUMBACO,2025-12-24 21:00:00,7.902849
TUMBACO,2025-12-24 22:00:00,7.2196455
TUMBACO,2025-12-24 23:00:00,6.5516105
TUMBACO,2025-12-25 00:00:00,7.708727
TUMBACO,2025-12-25 01:00:00,7.718269
TUMBACO,2025-12-25 02:00:00,7.461281
TUMBACO,2025-12-25 03:00:00,6.978066
TUMBACO,2025-12-25 04:00:00,9.008052
TUMBACO,2025-12-25 05:00:00,10.949438
TUMBACO,2025-12-25 06:00:00,14.785666
TUMBACO,2025-12-25 07:00:00,15.536652
TUMBACO,2025-12-25 08:00:00,17.13777
TUMBACO,2025-12-25 09:00:00,14.551441
TUMBACO,2025-12-25 10:00:00,13.71169
TUMBACO,2025-12-25 11:00:00,13.215857
TUMBACO,2025-12-25 12:00:00,11.082307
TUMBACO,2025-12-25 13:00:00,9.034306
TUMBACO,2025-12-25 14:00:00,8.515875
TUMBACO,2025-12-25 15:00:00,10.312747
TUMBACO,2025-12-25 16:00:00,9.970171
TUMBACO,2025-12-25 17:00:00,10.711227
TUMBACO,2025-12-25 18:00:00,10.647981
TUMBACO,2025-12-25 19:00:00,9.804444
TUMBACO,2025-12-25 20:00:00,9.490479
TUMBACO,2025-12-25 21:00:00,8.482421
TUMBACO,2025-12-25 22:00:00,8.217864
TUMBACO,2025-12-25 23:00:00,8.119965
TUMBACO,2025-12-26 00:00:00,9.115763
TUMBACO,2025-12-26 01:00:00,9.800255
TUMBACO,2025-12-26 02:00:00,9.050368
TUMBACO,2025-12-26 03:00:00,8.850923
TUMBACO,2025-12-26 04:00:00,10.738802
TUMBACO,2025-12-26 05:00:00,12.078829
TUMBACO,2025-12-26 06:00:00,16.017715
TUMBACO,2025-12-26 07:00:00,16.38565
TUMBACO,2025-12-26 08:00:00,15.893356
TUMBACO,2025-12-26 09:00:00,14.36202
TUMBACO,2025-12-26 10:00:00,12.103195
TUMBACO,2025-12-26 11:00:00,10.63976
TUMBACO,2025-12-26 12:00:00,9.020482
TUMBACO,2025-12-26 13:00:00,9.059065
TUMBACO,2025-12-26 14:00:00,8.749233
TUMBACO,2025-12-26 15:00:00,9.615692
TUMBACO,2025-12-26 16:00:00,10.948799
TUMBACO,2025-12-26 17:00:00,10.54171
TUMBACO,2025-12-26 18:00:00,10.926637
TUMBACO,2025-12-26 19:00:00,10.013823
TUMBACO,2025-12-26 20:00:00,9.5675745
TUMBACO,2025-12-26 21:00:00,9.035279
TUMBACO,2025-12-26 22:00:00,8.422514
TUMBACO,2025-12-26 23:00:00,8.247155
TUMBACO,2025-12-27 00:00:00,9.403462
TUMBACO,2025-12-27 01:00:00,9.562082
TUMBACO,2025-12-27 02:00:00,9.340798
TUMBACO,2025-12-27 03:00:00,8.936333
TUMBACO,2025-12-27 04:00:00,9.826766
TUMBACO,2025-12-27 05:00:00,10.9183655
TUMBACO,2025-12-27 06:00:00,12.730483
TUMBACO,2025-12-27 07:00:00,11.587465
TUMBACO,2025-12-27 08:00:00,12.834267
TUMBACO,2025-12-27 09:00:00,12.590611
TUMBACO,2025-12-27 10:00:00,12.152825
TUMBACO,2025-12-27 11:00:00,10.474981
TUMBACO,2025-12-27 12:00:00,9.027177
TUMBACO,2025-12-27 13:00:00,8.033028
TUMBACO,2025-12-27 14:00:00,8.144252
TUMBACO,2025-12-27 15:00:00,8.797785
TUMBACO,2025-12-27 16:00:00,10.300453
TUMBACO,2025-12-27 17:00:00,10.639731
TUMBACO,2025-12-27 18:00:00,10.321599
TUMBACO,2025-12-27 19:00:00,9.5410795
TUMBACO,2025-12-27 20:00:00,8.943092
TUMBACO,2025-12-27 21:00:00,8.346104
TUMBACO,2025-12-27 22:00:00,8.347018
TUMBACO,2025-12-27 23:00:00,8.109939
TUMBACO,2025-12-28 00:00:00,9.243488
TUMBACO,2025-12-28 01:00:00,9.310016
TUMBACO,2025-12-28 02:00:00,8.745292
TUMBACO,2025-12-28 03:00:00,9.359291
TUMBACO,2025-12-28 04:00:00,9.944469
TUMBACO,2025-12-28 05:00:00,10.875514
TUMBACO,2025-12-28 06:00:00,10.76028
TUMBACO,2025-12-28 07:00:00,10.395676
TUMBACO,2025-12-28 08:00:00,11.207972
TUMBACO,2025-12-28 09:00:00,10.653347
TUMBACO,2025-12-28 10:00:00,10.54101
TUMBACO,2025-12-28 11:00:00,8.93458
TUMBACO,2025-12-28 12:00:00,7.558665
TUMBACO,2025-12-28 13:00:00,6.320923
TUMBACO,2025-12-28 14:00:00,6.146066
TUMBACO,2025-12-28 15:00:00,7.3249617
TUMBACO,2025-12-28 16:00:00,7.4758196
TUMBACO,2025-12-28 17:00:00,9.28433
TUMBACO,2025-12-28 18:00:00,9.703205
TUMBACO,2025-12-28 19:00:00,8.381011
TUMBACO,2025-12-28 20:00:00,8.114209
TUMBACO,2025-12-28 21:00:00,7.8045316
TUMBACO,2025-12-28 22:00:00,7.3197036
TUMBACO,2025-12-28 23:00:00,6.919172
TUMBACO,2025-12-29 00:00:00,8.185774
TUMBACO,2025-12-29 01:00:00,8.426428
TUMBACO,2025-12-29 02:00:00,8.142665
TUMBACO,2025-12-29 03:00:00,8.310452
TUMBACO,2025-12-29 04:00:00,9.242883
TUMBACO,2025-12-29 05:00:00,12.073666
TUMBACO,2025-12-29 06:00:00,14.142235
TUMBACO,2025-12-29 07:00:00,13.492767
TUMBACO,2025-12-29 08:00:00,12.228436
TUMBACO,2025-12-29 09:00:00,11.8671
TUMBACO,2025-12-29 10:00:00,9.99755
TUMBACO,2025-12-29 11:00:00,10.081794
TUMBACO,2025-12-29 12:00:00,7.7410593
TUMBACO,2025-12-29 13:00:00,6.653728
TUMBACO,2025-12-29 14:00:00,5.8174367
TUMBACO,2025-12-29 15:00:00,7.3929644
TUMBACO,2025-12-29 16:00:00,8.15741
TUMBACO,2025-12-29 17:00:00,10.692678
TUMBACO,2025-12-29 18:00:00,11.558226
TUMBACO,2025-12-29 19:00:00,10.161479
TUMBACO,2025-12-29 20:00:00,9.518907
TUMBACO,2025-12-29 21:00:00,8.375432
TUMBACO,2025-12-29 22:00:00,7.997994
TUMBACO,2025-12-29 23:00:00,6.762218
TUMBACO,2025-12-30 00:00:00,8.052456
TUMBACO,2025-12-30 01:00:00,8.375931
TUMBACO,2025-12-30 02:00:00,8.172127
TUMBACO,2025-12-30 03:00:00,8.202109
TUMBACO,2025-12-30 04:00:00,9.151203
TUMBACO,2025-12-30 05:00:00,12.087671
TUMBACO,2025-12-30 06:00:00,15.195537
TUMBACO,2025-12-30 07:00:00,14.12489
TUMBACO,2025-12-30 08:00:00,12.886306
TUMBACO,2025-12-30 09:00:00,12.51832
TUMBACO,2025-12-30 10:00:00,10.314463
TUMBACO,2025-12-30 11:00:00,9.474202
TUMBACO,2025-12-30 12:00:00,7.961298
TUMBACO,2025-12-30 13:00:00,6.6682115
TUMBACO,2025-12-30 14:00:00,6.2120247
TUMBACO,2025-12-30 15:00:00,7.5725427
TUMBACO,2025-12-30 16:00:00,7.9728127
TUMBACO,2025-12-30 17:00:00,10.231763
TUMBACO,2025-12-30 18:00:00,10.805471
TUMBACO,2025-12-30 19:00:00,9.16221
TUMBACO,2025-12-30 20:00:00,8.243522
TUMBACO,2025-12-30 21:00:00,8.250142
TUMBACO,2025-12-30 22:00:00,7.45932
TUMBACO,2025-12-30 23:00:00,6.382682
TUMBACO,2025-12-31 00:00:00,7.2733345
TUMBACO,2025-12-31 01:00:00,7.7765245
TUMBACO,2025-12-31 02:00:00,7.581498
TUMBACO,2025-12-31 03:00:00,7.139572
TUMBACO,2025-12-31 04:00:00,8.561901
TUMBACO,2025-12-31 05:00:00,11.548354
TUMBACO,2025-12-31 06:00:00,15.518529
TUMBACO,2025-12-31 07:00:00,16.436666
TUMBACO,2025-12-31 08:00:00,14.91651
TUMBACO,2025-12-31 09:00:00,14.006781
TUMBACO,2025-12-31 10:00:00,11.677484
TUMBACO,2025-12-31 11:00:00,9.172029
TUMBACO,2025-12-31 12:00:00,7.431674
TUMBACO,2025-12-31 13:00:00,6.2811813
TUMBACO,2025-12-31 14:00:00,6.6045113
TUMBACO,2025-12-31 15:00:00,7.5117817
TUMBACO,2025-12-31 16:00:00,7.816181
TUMBACO,2025-12-31 17:00:00,9.393821
TUMBACO,2025-12-31 18:00:00,11.085223
TUMBACO,2025-12-31 19:00:00,9.388169
TUMBACO,2025-12-31 20:00:00,8.746233
TUMBACO,2025-12-31 21:00:00,8.315325
TUMBACO,2025-12-31 22:00:00,7.6209116
TUMBACO,2025-12-31 23:00:00,6.5127096
